stepcount,actiontime,target_temp,current_temp,Pval,Ival,Dval,outcome
0,09-56-44,60,18.375,41.625,1,0,1
1,09-56-47,60,18.437,41.563,1,0.062000000000001165,1
2,09-56-50,60,18.437,41.563,1,0.0,1
3,09-56-53,60,18.437,41.563,1,0.0,1
4,09-56-56,60,18.5,41.5,1,0.06299999999999883,1
5,09-56-58,60,18.437,41.563,1,-0.06299999999999883,1
6,09-57-01,60,18.437,41.563,1,0.0,1
7,09-57-04,60,18.5,41.5,1,0.06299999999999883,1
8,09-57-07,60,18.437,41.563,1,-0.06299999999999883,1
9,09-57-09,60,18.437,41.563,1,0.0,1
10,09-57-12,60,18.437,41.563,1,0.0,1
11,09-57-15,60,18.437,41.563,1,0.0,1
12,09-57-18,60,18.562,41.438,1,0.125,1
13,09-57-20,60,18.687,41.313,1,0.125,1
14,09-57-23,60,18.75,41.25,1,0.06299999999999883,1
15,09-57-26,60,18.75,41.25,1,0.0,1
16,09-57-28,60,18.625,41.375,1,-0.125,1
17,09-57-31,60,18.625,41.375,1,0.0,1
18,09-57-34,60,18.562,41.438,1,-0.06299999999999883,1
19,09-57-37,60,18.5,41.5,1,-0.062000000000001165,1
20,09-57-39,60,18.562,41.438,1,0.062000000000001165,1
21,09-57-42,60,18.5,41.5,1,-0.062000000000001165,1
22,09-57-45,60,18.437,41.563,1,-0.06299999999999883,1
23,09-57-48,60,18.5,41.5,1,0.06299999999999883,1
24,09-57-50,60,18.5,41.5,1,0.0,1
25,09-57-53,60,18.5,41.5,1,0.0,1
26,09-57-56,60,18.625,41.375,1,0.125,1
27,09-57-59,60,18.812,41.188,1,0.18700000000000117,1
28,09-58-01,60,19.0,41.0,1,0.18799999999999883,1
29,09-58-04,60,19.062,40.938,1,0.062000000000001165,1
30,09-58-07,60,19.187,40.813,1,0.125,1
31,09-58-10,60,19.187,40.813,1,0.0,1
32,09-58-12,60,19.187,40.813,1,0.0,1
33,09-58-15,60,19.187,40.813,1,0.0,1
34,09-58-18,60,19.25,40.75,1,0.06299999999999883,1
35,09-58-20,60,19.25,40.75,1,0.0,1
36,09-58-23,60,19.25,40.75,1,0.0,1
37,09-58-26,60,19.312,40.688,1,0.062000000000001165,1
38,09-58-29,60,19.312,40.688,1,0.0,1
39,09-58-31,60,19.375,40.625,1,0.06299999999999883,1
40,09-58-34,60,19.437,40.563,1,0.062000000000001165,1
41,09-58-37,60,19.625,40.375,1,0.18799999999999883,1
42,09-58-40,60,19.625,40.375,1,0.0,1
43,09-58-42,60,19.75,40.25,1,0.125,1
44,09-58-45,60,19.875,40.125,1,0.125,1
45,09-58-48,60,19.875,40.125,1,0.0,1
46,09-58-51,60,19.937,40.063,1,0.062000000000001165,1
47,09-58-53,60,20.0,40.0,1,0.06299999999999883,1
48,09-58-56,60,20.062,39.938,1,0.062000000000001165,1
49,09-58-59,60,20.187,39.813,1,0.125,1
50,09-59-01,60,20.25,39.75,1,0.06299999999999883,1
51,09-59-04,60,20.312,39.688,1,0.062000000000001165,1
52,09-59-07,60,20.437,39.563,1,0.125,1
53,09-59-10,60,20.625,39.375,1,0.18799999999999883,1
54,09-59-12,60,20.687,39.313,1,0.062000000000001165,1
55,09-59-15,60,20.687,39.313,1,0.0,1
56,09-59-18,60,20.812,39.188,1,0.125,1
57,09-59-21,60,21.062,38.938,1,0.25,1
58,09-59-23,60,21.187,38.813,1,0.125,1
59,09-59-26,60,21.25,38.75,1,0.06299999999999883,1
60,09-59-29,60,21.375,38.625,1,0.125,1
61,09-59-32,60,21.437,38.563,1,0.062000000000001165,1
62,09-59-34,60,21.5,38.5,1,0.06299999999999883,1
63,09-59-37,60,21.562,38.438,1,0.062000000000001165,1
64,09-59-40,60,21.562,38.438,1,0.0,1
65,09-59-43,60,21.687,38.313,1,0.125,1
66,09-59-45,60,21.687,38.313,1,0.0,1
67,09-59-48,60,22.0,38.0,1,0.31299999999999883,1
68,09-59-51,60,22.125,37.875,1,0.125,1
69,09-59-54,60,22.25,37.75,1,0.125,1
70,09-59-56,60,22.312,37.688,1,0.062000000000001165,1
71,09-59-59,60,22.437,37.563,1,0.125,1
72,10-00-02,60,22.5,37.5,1,0.06299999999999883,1
73,10-00-05,60,22.562,37.438,1,0.062000000000001165,1
74,10-00-07,60,22.625,37.375,1,0.06299999999999883,1
75,10-00-10,60,22.75,37.25,1,0.125,1
76,10-00-13,60,22.937,37.063,1,0.18700000000000117,1
77,10-00-16,60,23.062,36.938,1,0.125,1
78,10-00-18,60,23.187,36.813,1,0.125,1
79,10-00-21,60,23.312,36.688,1,0.125,1
80,10-00-24,60,23.437,36.563,1,0.125,1
81,10-00-26,60,23.437,36.563,1,0.0,1
82,10-00-29,60,23.687,36.313,1,0.25,1
83,10-00-32,60,23.75,36.25,1,0.06299999999999883,1
84,10-00-35,60,23.875,36.125,1,0.125,1
85,10-00-37,60,24.0,36.0,1,0.125,1
86,10-00-40,60,24.187,35.813,1,0.18700000000000117,1
87,10-00-43,60,24.187,35.813,1,0.0,1
88,10-00-46,60,24.25,35.75,1,0.06299999999999883,1
89,10-00-48,60,24.375,35.625,1,0.125,1
90,10-00-51,60,24.5,35.5,1,0.125,1
91,10-00-54,60,24.562,35.438,1,0.062000000000001165,1
92,10-00-56,60,24.687,35.313,1,0.125,1
93,10-00-59,60,24.75,35.25,1,0.06299999999999883,1
94,10-01-02,60,24.937,35.063,1,0.18700000000000117,1
95,10-01-05,60,25.187,34.813,1,0.25,1
96,10-01-07,60,25.312,34.688,1,0.125,1
97,10-01-10,60,25.562,34.438,1,0.25,1
98,10-01-13,60,25.75,34.25,1,0.18799999999999883,1
99,10-01-15,60,25.875,34.125,1,0.125,1
100,10-01-18,60,26.0,34.0,1,0.125,1
101,10-01-21,60,26.0,34.0,1,0.0,1
102,10-01-24,60,26.062,33.938,1,0.062000000000001165,1
103,10-01-26,60,26.187,33.813,1,0.125,1
104,10-01-29,60,26.25,33.75,1,0.06299999999999883,1
105,10-01-32,60,26.312,33.688,1,0.062000000000001165,1
106,10-01-34,60,26.5,33.5,1,0.18799999999999883,1
107,10-01-37,60,26.562,33.438,1,0.062000000000001165,1
108,10-01-40,60,26.75,33.25,1,0.18799999999999883,1
109,10-01-43,60,26.937,33.063,1,0.18700000000000117,1
110,10-01-45,60,27.062,32.938,1,0.125,1
111,10-01-48,60,27.125,32.875,1,0.06299999999999883,1
112,10-01-51,60,27.25,32.75,1,0.125,1
113,10-01-54,60,27.375,32.625,1,0.125,1
114,10-01-56,60,27.437,32.563,1,0.062000000000001165,1
115,10-01-59,60,27.687,32.313,1,0.25,1
116,10-02-02,60,27.812,32.188,1,0.125,1
117,10-02-04,60,28.0,32.0,1,0.18799999999999883,1
118,10-02-07,60,28.125,31.875,1,0.125,1
119,10-02-10,60,28.25,31.75,1,0.125,1
120,10-02-13,60,28.5,31.5,1,0.25,1
121,10-02-15,60,28.625,31.375,1,0.125,1
122,10-02-18,60,28.812,31.188,1,0.18700000000000117,1
123,10-02-21,60,28.937,31.063,1,0.125,1
124,10-02-24,60,29.187,30.813,1,0.25,1
125,10-02-26,60,29.312,30.688,1,0.125,1
126,10-02-29,60,29.312,30.688,1,0.0,1
127,10-02-32,60,29.375,30.625,1,0.06299999999999883,1
128,10-02-35,60,29.437,30.563,1,0.062000000000001165,1
129,10-02-37,60,29.625,30.375,1,0.18799999999999883,1
130,10-02-40,60,29.75,30.25,1,0.125,1
131,10-02-43,60,29.812,30.188,1,0.062000000000001165,1
132,10-02-46,60,29.875,30.125,1,0.06299999999999883,1
133,10-02-48,60,30.0,30.0,1,0.125,1
134,10-02-51,60,30.062,29.938,1,0.062000000000001165,1
135,10-02-54,60,30.187,29.813,1,0.125,1
136,10-02-57,60,30.375,29.625,1,0.18799999999999883,1
137,10-02-59,60,30.562,29.438,1,0.18700000000000117,1
138,10-03-02,60,30.75,29.25,1,0.18799999999999883,1
139,10-03-05,60,30.812,29.188,1,0.062000000000001165,1
140,10-03-07,60,30.937,29.063,1,0.125,1
141,10-03-10,60,31.0,29.0,1,0.06299999999999883,1
142,10-03-13,60,31.125,28.875,1,0.125,1
143,10-03-16,60,31.437,28.563,1,0.31200000000000117,0
144,10-03-19,60,31.625,28.375,1,0.18799999999999883,1
145,10-03-22,60,31.812,28.188,1,0.18700000000000117,1
146,10-03-25,60,32.187,27.813000000000002,1,0.37499999999999645,0
147,10-03-28,60,32.5,27.5,1,0.3130000000000024,0
148,10-03-31,60,32.625,27.375,1,0.125,1
149,10-03-34,60,32.687,27.313000000000002,1,0.06199999999999761,1
150,10-03-36,60,32.75,27.25,1,0.06300000000000239,1
151,10-03-39,60,32.812,27.188000000000002,1,0.06199999999999761,1
152,10-03-42,60,33.0,27.0,1,0.1880000000000024,1
153,10-03-45,60,33.125,26.875,1,0.125,1
154,10-03-47,60,33.187,26.813000000000002,1,0.06199999999999761,1
155,10-03-50,60,33.312,26.688000000000002,1,0.125,1
156,10-03-53,60,33.375,26.625,1,0.06300000000000239,1
157,10-03-55,60,33.312,26.688000000000002,1,-0.06300000000000239,1
158,10-03-58,60,33.375,26.625,1,0.06300000000000239,1
159,10-04-01,60,33.5,26.5,1,0.125,1
160,10-04-04,60,33.562,26.438000000000002,1,0.06199999999999761,1
161,10-04-06,60,33.687,26.313000000000002,1,0.125,1
162,10-04-09,60,33.75,26.25,1,0.06300000000000239,1
163,10-04-12,60,33.937,26.063000000000002,1,0.1869999999999976,1
164,10-04-15,60,34.062,25.938000000000002,1,0.125,1
165,10-04-17,60,34.25,25.75,1,0.1880000000000024,1
166,10-04-20,60,34.562,25.438000000000002,1,0.3119999999999976,0
167,10-04-23,60,34.75,25.25,1,0.1880000000000024,1
168,10-04-26,60,34.875,25.125,1,0.125,1
169,10-04-29,60,34.937,25.063000000000002,1,0.06199999999999761,1
170,10-04-32,60,35.0,25.0,1,0.06300000000000239,1
171,10-04-35,60,35.062,24.938000000000002,1,0.06199999999999761,1
172,10-04-37,60,35.375,24.625,1,0.3130000000000024,0
173,10-04-40,60,35.875,24.125,1,0.5,0
174,10-04-43,60,36.062,23.938000000000002,1,0.1869999999999976,1
175,10-04-46,60,36.125,23.875,1,0.06300000000000239,1
176,10-04-49,60,36.312,23.688000000000002,1,0.1869999999999976,1
177,10-04-52,60,36.25,23.75,1,-0.06199999999999761,1
178,10-04-55,60,36.125,23.875,1,-0.125,1
179,10-04-57,60,36.25,23.75,1,0.125,1
180,10-05-00,60,36.437,23.563000000000002,1,0.1869999999999976,1
181,10-05-03,60,36.437,23.563000000000002,1,0.0,1
182,10-05-06,60,36.5,23.5,1,0.06300000000000239,1
183,10-05-08,60,36.5,23.5,1,0.0,1
184,10-05-11,60,36.687,23.313000000000002,1,0.1869999999999976,1
185,10-05-14,60,36.75,23.25,1,0.06300000000000239,1
186,10-05-16,60,37.125,22.875,1,0.375,0
187,10-05-19,60,37.375,22.625,1,0.25,0
188,10-05-22,60,37.687,22.313000000000002,1,0.3119999999999976,0
189,10-05-25,60,37.75,22.25,1,0.06300000000000239,1
190,10-05-28,60,38.062,21.938000000000002,1,0.3119999999999976,0
191,10-05-31,60,37.937,22.063000000000002,1,-0.125,1
192,10-05-34,60,38.187,21.813000000000002,1,0.25,0
193,10-05-37,60,38.5,21.5,1,0.3130000000000024,0
194,10-05-40,60,38.562,21.438000000000002,1,0.06199999999999761,1
195,10-05-43,60,38.687,21.313000000000002,1,0.125,1
196,10-05-46,60,38.812,21.188000000000002,1,0.125,1
197,10-05-49,60,38.75,21.25,1,-0.06199999999999761,1
198,10-05-51,60,38.687,21.313000000000002,1,-0.06300000000000239,1
199,10-05-54,60,38.75,21.25,1,0.06300000000000239,1
200,10-05-57,60,38.812,21.188000000000002,1,0.06199999999999761,1
201,10-06-00,60,38.937,21.063000000000002,1,0.125,1
202,10-06-02,60,39.187,20.813000000000002,1,0.25,0
203,10-06-06,60,39.312,20.688000000000002,1,0.125,1
204,10-06-09,60,39.437,20.563000000000002,1,0.125,1
205,10-06-11,60,39.437,20.563000000000002,1,0.0,1
206,10-06-14,60,39.5,20.5,1,0.06300000000000239,1
207,10-06-17,60,39.5,20.5,1,0.0,1
208,10-06-20,60,39.75,20.25,1,0.25,0
209,10-06-23,60,39.812,20.188000000000002,1,0.06199999999999761,1
210,10-06-26,60,39.875,20.125,1,0.06300000000000239,1
211,10-06-28,60,40.0,20.0,1,0.125,1
212,10-06-31,60,40.062,19.938000000000002,1,0.06199999999999761,1
213,10-06-34,60,40.187,19.813000000000002,1,0.125,1
214,10-06-37,60,40.187,19.813000000000002,1,0.0,1
215,10-06-39,60,40.437,19.563000000000002,1,0.25,0
216,10-06-42,60,40.437,19.563000000000002,1,0.0,1
217,10-06-45,60,40.375,19.625,1,-0.06199999999999761,1
218,10-06-48,60,40.375,19.625,1,0.0,1
219,10-06-51,60,40.625,19.375,1,0.25,0
220,10-06-54,60,40.812,19.188000000000002,1,0.1869999999999976,0.5
221,10-06-57,60,40.937,19.063000000000002,1,0.125,1
222,10-07-01,60,40.875,19.125,1,-0.06199999999999761,1
223,10-07-03,60,40.937,19.063000000000002,1,0.06199999999999761,1
224,10-07-06,60,41.125,18.875,1,0.1880000000000024,0.08
225,10-07-09,60,41.187,18.813000000000002,1,0.06199999999999761,1
226,10-07-12,60,41.312,18.688000000000002,1,0.125,1
227,10-07-15,60,41.5,18.5,1,0.1880000000000024,0
228,10-07-18,60,41.625,18.375,1,0.125,1
229,10-07-21,60,41.625,18.375,1,0.0,1
230,10-07-24,60,41.687,18.313000000000002,1,0.06199999999999761,1
231,10-07-26,60,41.75,18.25,1,0.06300000000000239,1
232,10-07-29,60,41.875,18.125,1,0.125,1
233,10-07-32,60,41.875,18.125,1,0.0,1
234,10-07-34,60,41.875,18.125,1,0.0,1
235,10-07-37,60,42.0,18.0,1,0.125,1
236,10-07-40,60,42.125,17.875,1,0.125,1
237,10-07-43,60,42.187,17.813000000000002,1,0.06199999999999761,1
238,10-07-45,60,42.125,17.875,1,-0.06199999999999761,1
239,10-07-48,60,42.187,17.813000000000002,1,0.06199999999999761,1
240,10-07-51,60,42.25,17.75,1,0.06300000000000239,1
241,10-07-54,60,42.562,17.438000000000002,1,0.3119999999999976,0
242,10-07-57,60,43.0,17.0,1,0.4380000000000024,0
243,10-07-59,60,43.25,16.75,1,0.25,0
244,10-08-02,60,43.375,16.625,1,0.125,1
245,10-08-05,60,43.312,16.688000000000002,1,-0.06300000000000239,1
246,10-08-08,60,43.312,16.688000000000002,1,0.0,1
247,10-08-11,60,43.562,16.438000000000002,1,0.25,0
248,10-08-14,60,43.687,16.313000000000002,1,0.125,1
249,10-08-17,60,43.812,16.188000000000002,1,0.125,1
250,10-08-20,60,43.812,16.188000000000002,1,0.0,1
251,10-08-23,60,43.875,16.125,1,0.06300000000000239,1
252,10-08-25,60,43.875,16.125,1,0.0,1
253,10-08-28,60,44.062,15.938000000000002,1,0.1869999999999976,0
254,10-08-31,60,44.312,15.688000000000002,1,0.25,0
255,10-08-34,60,44.375,15.625,1,0.06300000000000239,1
256,10-08-37,60,44.687,15.313000000000002,1,0.3119999999999976,0
257,10-08-40,60,44.75,15.25,1,0.06300000000000239,1
258,10-08-43,60,44.687,15.313000000000002,1,-0.06300000000000239,1
259,10-08-46,60,44.625,15.375,1,-0.06199999999999761,1
260,10-08-49,60,44.812,15.188000000000002,1,0.1869999999999976,0
261,10-08-52,60,44.937,15.063000000000002,1,0.125,1
262,10-08-55,60,44.937,15.063000000000002,1,0.0,1
263,10-08-58,60,45.0,15.0,1,0.06300000000000239,1
264,10-09-00,60,45.187,14.813000000000002,1,0.1869999999999976,0
265,10-09-03,60,45.312,14.688000000000002,1,0.125,1
266,10-09-06,60,45.375,14.625,1,0.06300000000000239,1
267,10-09-09,60,45.437,14.563000000000002,1,0.06199999999999761,1
268,10-09-12,60,45.5,14.5,1,0.06300000000000239,1
269,10-09-14,60,45.625,14.375,1,0.125,1
270,10-09-17,60,45.75,14.25,1,0.125,1
271,10-09-20,60,45.875,14.125,1,0.125,1
272,10-09-23,60,45.875,14.125,1,0.0,1
273,10-09-25,60,45.937,14.063000000000002,1,0.06199999999999761,1
274,10-09-28,60,46.062,13.938000000000002,1,0.125,1
275,10-09-31,60,46.187,13.813000000000002,1,0.125,1
276,10-09-34,60,46.25,13.75,1,0.06300000000000239,1
277,10-09-36,60,46.375,13.625,1,0.125,1
278,10-09-39,60,46.625,13.375,1,0.25,0
279,10-09-42,60,46.812,13.188000000000002,1,0.1869999999999976,0
280,10-09-45,60,47.0,13.0,1,0.1880000000000024,0
281,10-09-48,60,46.937,13.063000000000002,1,-0.06300000000000239,1
282,10-09-51,60,47.125,12.875,1,0.1880000000000024,0
283,10-09-54,60,47.187,12.813000000000002,1,0.06199999999999761,1
284,10-09-57,60,47.125,12.875,1,-0.06199999999999761,1
285,10-10-00,60,47.125,12.875,1,0.0,1
286,10-10-02,60,47.312,12.688000000000002,1,0.1869999999999976,0
287,10-10-05,60,47.437,12.563000000000002,1,0.125,0.07
288,10-10-09,60,47.437,12.563000000000002,1,0.0,1
289,10-10-12,60,47.562,12.438000000000002,1,0.125,0
290,10-10-15,60,47.687,12.313000000000002,1,0.125,0
291,10-10-18,60,47.812,12.188000000000002,1,0.125,0
292,10-10-20,60,47.812,12.188000000000002,1,0.0,1
293,10-10-24,60,47.937,12.063000000000002,1,0.125,0
294,10-10-27,60,48.125,11.875,1,0.1880000000000024,0
295,10-10-29,60,48.25,11.75,1,0.125,0
296,10-10-32,60,48.5,11.5,1,0.25,0
297,10-10-35,60,48.75,11.25,1,0.25,0
298,10-10-38,60,48.812,11.188000000000002,1,0.06199999999999761,1
299,10-10-41,60,48.812,11.188000000000002,1,0.0,1
300,10-10-43,60,48.75,11.25,1,-0.06199999999999761,1
301,10-10-46,60,48.875,11.125,1,0.125,0
302,10-10-49,60,48.875,11.125,1,0.0,1
303,10-10-52,60,48.937,11.063000000000002,1,0.06199999999999761,1
304,10-10-55,60,49.125,10.875,1,0.1880000000000024,0
305,10-10-58,60,49.062,10.938000000000002,1,-0.06300000000000239,1
306,10-11-01,60,49.125,10.875,1,0.06300000000000239,1
307,10-11-04,60,49.187,10.813000000000002,1,0.06199999999999761,1
308,10-11-07,60,49.125,10.875,1,-0.06199999999999761,1
309,10-11-10,60,49.062,10.938000000000002,1,-0.06300000000000239,1
310,10-11-12,60,49.062,10.938000000000002,1,0.0,1
311,10-11-15,60,49.062,10.938000000000002,1,0.0,1
312,10-11-18,60,49.125,10.875,1,0.06300000000000239,1
313,10-11-20,60,49.187,10.813000000000002,1,0.06199999999999761,1
314,10-11-23,60,49.375,10.625,1,0.1880000000000024,0
315,10-11-26,60,49.5,10.5,1,0.125,0
316,10-11-29,60,49.625,10.375,1,0.125,0
317,10-11-32,60,49.625,10.375,1,0.0,1
318,10-11-35,60,49.75,10.25,1,0.125,0
319,10-11-38,60,49.75,10.25,1,0.0,1
320,10-11-41,60,49.812,10.188000000000002,1,0.06199999999999761,1
321,10-11-44,60,50.062,9.938000000000002,1,0.25,0
322,10-11-47,60,50.25,9.75,1,0.1880000000000024,0
323,10-11-49,60,50.312,9.688000000000002,1,0.06199999999999761,1
324,10-11-52,60,50.312,9.688000000000002,1,0.0,1
325,10-11-55,60,50.312,9.688000000000002,1,0.0,1
326,10-11-58,60,50.375,9.625,1,0.06300000000000239,1
327,10-12-01,60,50.437,9.563000000000002,1,0.06199999999999761,1
328,10-12-03,60,50.562,9.438000000000002,1,0.125,0
329,10-12-06,60,50.625,9.375,1,0.06300000000000239,1
330,10-12-09,60,50.75,9.25,1,0.125,0
331,10-12-12,60,50.75,9.25,1,0.0,1
332,10-12-16,60,50.812,9.188000000000002,1,0.06199999999999761,1
333,10-12-18,60,50.937,9.063000000000002,1,0.125,0
334,10-12-21,60,51.062,8.938000000000002,1,0.125,0
335,10-12-24,60,51.0,9.0,1,-0.06199999999999761,1
336,10-12-27,60,51.0,9.0,1,0.0,1
337,10-12-30,60,51.0,9.0,1,0.0,1
338,10-12-33,60,51.062,8.938000000000002,1,0.06199999999999761,1
339,10-12-35,60,51.125,8.875,1,0.06300000000000239,1
340,10-12-38,60,51.187,8.813000000000002,1,0.06199999999999761,1
341,10-12-41,60,51.25,8.75,1,0.06300000000000239,1
342,10-12-44,60,51.25,8.75,1,0.0,1
343,10-12-46,60,51.312,8.688000000000002,1,0.06199999999999761,1
344,10-12-49,60,51.437,8.563000000000002,1,0.125,0
345,10-12-52,60,51.562,8.438000000000002,1,0.125,0
346,10-12-55,60,51.625,8.375,1,0.06300000000000239,1
347,10-12-58,60,51.687,8.313000000000002,1,0.06199999999999761,1
348,10-13-01,60,51.687,8.313000000000002,1,0.0,1
349,10-13-03,60,51.812,8.188000000000002,1,0.125,0
350,10-13-06,60,52.0,8.0,1,0.1880000000000024,0
351,10-13-09,60,52.0,8.0,1,0.0,1
352,10-13-12,60,52.0,8.0,1,0.0,1
353,10-13-15,60,52.0,8.0,1,0.0,1
354,10-13-18,60,52.125,7.875,1,0.125,0
355,10-13-21,60,52.125,7.875,1,0.0,1
356,10-13-24,60,52.125,7.875,1,0.0,1
357,10-13-26,60,52.25,7.75,1,0.125,0
358,10-13-29,60,52.312,7.688000000000002,1,0.06199999999999761,1
359,10-13-33,60,52.5,7.5,1,0.1880000000000024,0
360,10-13-36,60,52.562,7.438000000000002,1,0.06199999999999761,1
361,10-13-39,60,52.75,7.25,1,0.1880000000000024,0
362,10-13-42,60,52.875,7.125,1,0.125,0
363,10-13-44,60,52.937,7.063000000000002,1,0.06199999999999761,0.87
364,10-13-48,60,53.125,6.875,1,0.1880000000000024,0
365,10-13-50,60,53.25,6.75,1,0.125,0
366,10-13-53,60,53.437,6.563000000000002,1,0.1869999999999976,0
367,10-13-56,60,53.562,6.438000000000002,1,0.125,0
368,10-13-59,60,53.625,6.375,1,0.06300000000000239,0.08
369,10-14-02,60,53.625,6.375,1,0.0,1
370,10-14-05,60,53.75,6.25,1,0.125,0
371,10-14-08,60,53.687,6.313000000000002,1,-0.06300000000000239,1
372,10-14-11,60,53.812,6.188000000000002,1,0.125,0
373,10-14-14,60,53.812,6.188000000000002,1,0.0,1
374,10-14-17,60,53.812,6.188000000000002,1,0.0,1
375,10-14-20,60,53.812,6.188000000000002,1,0.0,1
376,10-14-23,60,53.812,6.188000000000002,1,0.0,1
377,10-14-26,60,53.812,6.188000000000002,1,0.0,1
378,10-14-28,60,53.875,6.125,1,0.06300000000000239,0
379,10-14-31,60,53.875,6.125,1,0.0,1
380,10-14-34,60,53.875,6.125,1,0.0,1
381,10-14-37,60,53.875,6.125,1,0.0,1
382,10-14-40,60,53.937,6.063000000000002,1,0.06199999999999761,0
383,10-14-43,60,53.937,6.063000000000002,1,0.0,1
384,10-14-46,60,54.062,5.938000000000002,1,0.125,0
385,10-14-49,60,54.187,5.813000000000002,1,0.125,0
386,10-14-52,60,54.312,5.688000000000002,1,0.125,0
387,10-14-55,60,54.437,5.563000000000002,1,0.125,0
388,10-14-57,60,54.562,5.438000000000002,1,0.125,0
389,10-15-00,60,54.562,5.438000000000002,1,0.0,1
390,10-15-03,60,54.562,5.438000000000002,1,0.0,1
391,10-15-06,60,54.562,5.438000000000002,1,0.0,1
392,10-15-09,60,54.562,5.438000000000002,1,0.0,1
393,10-15-11,60,54.562,5.438000000000002,1,0.0,1
394,10-15-14,60,54.625,5.375,1,0.06300000000000239,0
395,10-15-17,60,54.687,5.313000000000002,1,0.06199999999999761,0
396,10-15-20,60,54.687,5.313000000000002,1,0.0,1
397,10-15-23,60,54.687,5.313000000000002,1,0.0,1
398,10-15-26,60,54.75,5.25,1,0.06300000000000239,0
399,10-15-29,60,54.875,5.125,1,0.125,0
400,10-15-31,60,54.937,5.063000000000002,1,0.06199999999999761,0
401,10-15-34,60,55.0,5.0,1,0.06300000000000239,0
402,10-15-37,60,55.062,4.938000000000002,1,0.06199999999999761,0
403,10-15-40,60,55.062,4.938000000000002,1,0.0,1
404,10-15-43,60,55.125,4.875,1,0.06300000000000239,0
405,10-15-46,60,55.312,4.688000000000002,1,0.1869999999999976,0
406,10-15-48,60,55.375,4.625,1,0.06300000000000239,0
407,10-15-51,60,55.437,4.563000000000002,1,0.06199999999999761,0
408,10-15-54,60,55.5,4.5,1,0.06300000000000239,0
409,10-15-57,60,55.562,4.438000000000002,1,0.06199999999999761,0
410,10-15-59,60,55.625,4.375,1,0.06300000000000239,0
411,10-16-02,60,55.562,4.438000000000002,1,-0.06300000000000239,1
412,10-16-05,60,55.75,4.25,1,0.1880000000000024,0
413,10-16-08,60,55.75,4.25,1,0.0,1
414,10-16-11,60,55.75,4.25,1,0.0,1
415,10-16-14,60,55.812,4.188000000000002,1,0.06199999999999761,0
416,10-16-17,60,55.812,4.188000000000002,1,0.0,1
417,10-16-20,60,55.812,4.188000000000002,1,0.0,1
418,10-16-23,60,55.812,4.188000000000002,1,0.0,1
419,10-16-25,60,55.812,4.188000000000002,1,0.0,1
420,10-16-28,60,55.875,4.125,1,0.06300000000000239,0
421,10-16-31,60,55.937,4.063000000000002,1,0.06199999999999761,0
422,10-16-34,60,55.937,4.063000000000002,1,0.0,1
423,10-16-37,60,56.062,3.9380000000000024,1,0.125,0
424,10-16-40,60,56.062,3.9380000000000024,1,0.0,1
425,10-16-43,60,56.125,3.875,1,0.06300000000000239,0
426,10-16-46,60,56.25,3.75,1,0.125,0
427,10-16-49,60,56.25,3.75,1,0.0,1
428,10-16-52,60,56.312,3.6880000000000024,1,0.06199999999999761,0
429,10-16-55,60,56.5,3.5,1,0.1880000000000024,0
430,10-16-58,60,56.562,3.4380000000000024,1,0.06199999999999761,0
431,10-17-00,60,56.625,3.375,1,0.06300000000000239,0
432,10-17-03,60,56.625,3.375,1,0.0,1
433,10-17-06,60,56.687,3.3130000000000024,1,0.06199999999999761,0
434,10-17-09,60,56.75,3.25,1,0.06300000000000239,0
435,10-17-12,60,56.75,3.25,1,0.0,1
436,10-17-15,60,56.75,3.25,1,0.0,1
437,10-17-18,60,56.875,3.125,1,0.125,0
438,10-17-21,60,56.875,3.125,1,0.0,1
439,10-17-24,60,56.875,3.125,1,0.0,1
440,10-17-27,60,56.875,3.125,1,0.0,1
441,10-17-29,60,56.875,3.125,1,0.0,1
442,10-17-32,60,56.812,3.1880000000000024,1,-0.06300000000000239,1
443,10-17-35,60,56.812,3.1880000000000024,1,0.0,1
444,10-17-38,60,56.875,3.125,1,0.06300000000000239,0
445,10-17-41,60,56.875,3.125,1,0.0,1
446,10-17-44,60,57.0,3.0,1,0.125,0
447,10-17-47,60,57.062,2.9380000000000024,1,0.06199999999999761,0
448,10-17-49,60,57.125,2.875,1,0.06300000000000239,0
449,10-17-52,60,57.187,2.8130000000000024,1,0.06199999999999761,0
450,10-17-55,60,57.187,2.8130000000000024,1,0.0,1
451,10-17-58,60,57.25,2.75,1,0.06300000000000239,0
452,10-18-01,60,57.312,2.6880000000000024,1,0.06199999999999761,0
453,10-18-04,60,57.437,2.5630000000000024,1,0.125,0
454,10-18-06,60,57.625,2.375,1,0.1880000000000024,0
455,10-18-09,60,57.75,2.25,1,0.125,0
456,10-18-12,60,57.75,2.25,1,0.0,1
457,10-18-15,60,57.687,2.3130000000000024,1,-0.06300000000000239,1
458,10-18-18,60,57.625,2.375,1,-0.06199999999999761,1
459,10-18-20,60,57.625,2.375,1,0.0,1
460,10-18-23,60,57.687,2.3130000000000024,1,0.06199999999999761,0
461,10-18-26,60,57.75,2.25,1,0.06300000000000239,0
462,10-18-29,60,57.812,2.1880000000000024,1,0.06199999999999761,0
463,10-18-32,60,57.875,2.125,1,0.06300000000000239,0
464,10-18-34,60,57.937,2.0630000000000024,1,0.06199999999999761,0
465,10-18-37,60,58.0,2.0,1,0.06300000000000239,0
466,10-18-40,60,58.062,1.9380000000000024,1,0.06199999999999761,0
467,10-18-43,60,58.062,1.9380000000000024,1,0.0,1
468,10-18-46,60,58.062,1.9380000000000024,1,0.0,1
469,10-18-49,60,58.062,1.9380000000000024,1,0.0,1
470,10-18-52,60,58.062,1.9380000000000024,1,0.0,1
471,10-18-55,60,58.062,1.9380000000000024,1,0.0,1
472,10-18-57,60,58.187,1.8130000000000024,1,0.125,0
473,10-19-00,60,58.25,1.75,1,0.06300000000000239,0
474,10-19-03,60,58.312,1.6880000000000024,1,0.06199999999999761,0
475,10-19-06,60,58.312,1.6880000000000024,1,0.0,1
476,10-19-09,60,58.375,1.625,1,0.06300000000000239,0
477,10-19-12,60,58.437,1.5630000000000024,1,0.06199999999999761,0
478,10-19-15,60,58.437,1.5630000000000024,1,0.0,1
479,10-19-18,60,58.437,1.5630000000000024,1,0.0,1
480,10-19-21,60,58.375,1.625,1,-0.06199999999999761,1
481,10-19-24,60,58.375,1.625,1,0.0,1
482,10-19-26,60,58.437,1.5630000000000024,1,0.06199999999999761,0
483,10-19-29,60,58.437,1.5630000000000024,1,0.0,1
484,10-19-32,60,58.437,1.5630000000000024,1,0.0,1
485,10-19-35,60,58.5,1.5,1,0.06300000000000239,0
486,10-19-38,60,58.5,1.5,1,0.0,1
487,10-19-41,60,58.625,1.375,1,0.125,0
488,10-19-44,60,58.75,1.25,1,0.125,0
489,10-19-47,60,58.75,1.25,1,0.0,1
490,10-19-50,60,58.687,1.3130000000000024,1,-0.06300000000000239,1
491,10-19-53,60,58.687,1.3130000000000024,1,0.0,1
492,10-19-56,60,58.687,1.3130000000000024,1,0.0,1
493,10-19-58,60,58.812,1.1880000000000024,1,0.125,0
494,10-20-02,60,58.812,1.1880000000000024,1,0.0,1
495,10-20-05,60,58.937,1.0630000000000024,1,0.125,0
496,10-20-08,60,59.0,1.0,1,0.06300000000000239,0
497,10-20-10,60,59.062,0.9380000000000024,1,0.06199999999999761,0
498,10-20-13,60,59.125,0.875,1,0.06300000000000239,0
499,10-20-16,60,59.25,0.75,1,0.125,0
500,10-20-19,60,59.312,0.6880000000000024,1,0.06199999999999761,0
501,10-20-21,60,59.312,0.6880000000000024,1,0.0,0.7
502,10-20-25,60,59.312,0.6880000000000024,1,0.0,0.7
503,10-20-28,60,59.375,0.625,1,0.06300000000000239,0
504,10-20-31,60,59.375,0.625,1,0.0,0.64
505,10-20-34,60,59.437,0.5630000000000024,1,0.06199999999999761,0
506,10-20-37,60,59.437,0.5630000000000024,1,0.0,0.57
507,10-20-41,60,59.5,0.5,1,0.06300000000000239,0
508,10-20-44,60,59.562,0.4380000000000024,1,0.06199999999999761,0
509,10-20-46,60,59.562,0.4380000000000024,1,0.0,0.45
510,10-20-50,60,59.625,0.375,1,0.06300000000000239,0
511,10-20-52,60,59.625,0.375,1,0.0,0.39
512,10-20-56,60,59.625,0.375,1,0.0,0.39
513,10-21-00,60,59.687,0.3130000000000024,1,0.06199999999999761,0
514,10-21-03,60,59.687,0.3130000000000024,1,0.0,0.32
515,10-21-07,60,59.75,0.25,1,0.06300000000000239,0
516,10-21-09,60,59.75,0.25,1,0.0,0.26
517,10-21-14,60,59.812,0.1880000000000024,1,0.06199999999999761,0
518,10-21-17,60,59.875,0.125,1,0.06300000000000239,0
519,10-21-19,60,59.875,0.125,1,0.0,0.14
520,10-21-23,60,59.937,0.06300000000000239,1,0.06199999999999761,0
521,10-21-26,60,60.062,-0.06199999999999761,0.9380000000000024,0.125,0
522,10-21-32,60,60.062,-0.06199999999999761,0.8760000000000048,0.0,0
523,10-21-35,60,60.062,-0.06199999999999761,0.8140000000000072,0.0,0
524,10-21-38,60,60.062,-0.06199999999999761,0.7520000000000095,0.0,0
525,10-21-41,60,60.0,0.0,0.7520000000000095,-0.06199999999999761,1
526,10-21-44,60,60.062,-0.06199999999999761,0.6900000000000119,0.06199999999999761,0
527,10-21-47,60,60.125,-0.125,0.5650000000000119,0.06300000000000239,0
528,10-21-49,60,60.187,-0.1869999999999976,0.3780000000000143,0.06199999999999761,0
529,10-21-52,60,60.187,-0.1869999999999976,0.1910000000000167,0.0,0
530,10-21-55,60,60.125,-0.125,0.06600000000001671,-0.06199999999999761,1
531,10-21-58,60,60.125,-0.125,0,0.0,0
532,10-22-01,60,60.062,-0.06199999999999761,0,-0.06300000000000239,1
533,10-22-04,60,60.062,-0.06199999999999761,0,0.0,0
534,10-22-07,60,60.062,-0.06199999999999761,0,0.0,0
535,10-22-10,60,60.0,0.0,0.0,-0.06199999999999761,1
536,10-22-13,60,60.062,-0.06199999999999761,0,0.06199999999999761,0
537,10-22-16,60,60.0,0.0,0.0,-0.06199999999999761,1
538,10-22-19,60,60.062,-0.06199999999999761,0,0.06199999999999761,0
539,10-22-22,60,60.062,-0.06199999999999761,0,0.0,0
540,10-22-25,60,60.125,-0.125,0,0.06300000000000239,0
541,10-22-28,60,60.125,-0.125,0,0.0,0
542,10-22-30,60,60.125,-0.125,0,0.0,0
543,10-22-33,60,60.187,-0.1869999999999976,0,0.06199999999999761,0
544,10-22-36,60,60.187,-0.1869999999999976,0,0.0,0
545,10-22-38,60,60.187,-0.1869999999999976,0,0.0,0
546,10-22-41,60,60.187,-0.1869999999999976,0,0.0,0
547,10-22-44,60,60.125,-0.125,0,-0.06199999999999761,1
548,10-22-47,60,60.125,-0.125,0,0.0,0
549,10-22-50,60,60.125,-0.125,0,0.0,0
550,10-22-53,60,60.125,-0.125,0,0.0,0
551,10-22-55,60,60.125,-0.125,0,0.0,0
552,10-22-58,60,60.125,-0.125,0,0.0,0
553,10-23-01,60,60.125,-0.125,0,0.0,0
554,10-23-04,60,60.125,-0.125,0,0.0,0
555,10-23-06,60,60.125,-0.125,0,0.0,0
556,10-23-09,60,60.062,-0.06199999999999761,0,-0.06300000000000239,1
557,10-23-12,60,60.062,-0.06199999999999761,0,0.0,0
558,10-23-15,60,60.0,0.0,0.0,-0.06199999999999761,1
559,10-23-18,60,59.937,0.06300000000000239,0.06300000000000239,-0.06300000000000239,1
560,10-23-21,60,59.687,0.3130000000000024,0.3760000000000048,-0.25,1
561,10-23-24,60,58.562,1.4380000000000024,1,-1.125,1
562,10-23-27,60,57.437,2.5630000000000024,1,-1.125,1
563,10-23-29,60,56.312,3.6880000000000024,1,-1.125,1
564,10-23-32,60,55.5,4.5,1,-0.8119999999999976,1
565,10-23-35,60,55.187,4.813000000000002,1,-0.3130000000000024,1
566,10-23-38,60,55.125,4.875,1,-0.06199999999999761,1
567,10-23-40,60,55.125,4.875,1,0.0,1
568,10-23-43,60,55.125,4.875,1,0.0,1
569,10-23-46,60,54.875,5.125,1,-0.25,1
570,10-23-48,60,54.812,5.188000000000002,1,-0.06300000000000239,1
571,10-23-51,60,54.687,5.313000000000002,1,-0.125,1
572,10-23-54,60,54.562,5.438000000000002,1,-0.125,1
573,10-23-57,60,54.437,5.563000000000002,1,-0.125,1
574,10-23-59,60,54.5,5.5,1,0.06300000000000239,0
575,10-24-02,60,54.625,5.375,1,0.125,0
576,10-24-05,60,54.75,5.25,1,0.125,0
577,10-24-08,60,54.812,5.188000000000002,1,0.06199999999999761,0
578,10-24-11,60,54.875,5.125,1,0.06300000000000239,0
579,10-24-13,60,54.812,5.188000000000002,1,-0.06300000000000239,1
580,10-24-17,60,54.875,5.125,1,0.06300000000000239,0
581,10-24-20,60,54.937,5.063000000000002,1,0.06199999999999761,0
582,10-24-22,60,55.125,4.875,1,0.1880000000000024,0
583,10-24-25,60,55.187,4.813000000000002,1,0.06199999999999761,0
584,10-24-28,60,55.312,4.688000000000002,1,0.125,0
585,10-24-30,60,55.25,4.75,1,-0.06199999999999761,1
586,10-24-34,60,55.437,4.563000000000002,1,0.1869999999999976,0
587,10-24-37,60,55.562,4.438000000000002,1,0.125,0
588,10-24-39,60,55.625,4.375,1,0.06300000000000239,0
589,10-24-42,60,55.687,4.313000000000002,1,0.06199999999999761,0
590,10-24-45,60,55.75,4.25,1,0.06300000000000239,0
591,10-24-48,60,55.812,4.188000000000002,1,0.06199999999999761,0
592,10-24-50,60,55.875,4.125,1,0.06300000000000239,0
593,10-24-53,60,55.937,4.063000000000002,1,0.06199999999999761,0
594,10-24-56,60,55.937,4.063000000000002,1,0.0,1
595,10-24-59,60,56.0,4.0,1,0.06300000000000239,0
596,10-25-02,60,56.125,3.875,1,0.125,0
597,10-25-04,60,56.187,3.8130000000000024,1,0.06199999999999761,0
598,10-25-07,60,56.25,3.75,1,0.06300000000000239,0
599,10-25-10,60,56.25,3.75,1,0.0,1
600,10-25-13,60,56.25,3.75,1,0.0,1
601,10-25-16,60,56.25,3.75,1,0.0,1
602,10-25-18,60,56.312,3.6880000000000024,1,0.06199999999999761,0
603,10-25-21,60,56.375,3.625,1,0.06300000000000239,0
604,10-25-24,60,56.5,3.5,1,0.125,0
605,10-25-27,60,56.625,3.375,1,0.125,0
606,10-25-30,60,56.625,3.375,1,0.0,1
607,10-25-33,60,56.75,3.25,1,0.125,0
608,10-25-36,60,56.812,3.1880000000000024,1,0.06199999999999761,0
609,10-25-38,60,56.687,3.3130000000000024,1,-0.125,1
610,10-25-42,60,56.625,3.375,1,-0.06199999999999761,1
611,10-25-44,60,56.562,3.4380000000000024,1,-0.06300000000000239,1
612,10-25-47,60,56.562,3.4380000000000024,1,0.0,1
613,10-25-50,60,56.5,3.5,1,-0.06199999999999761,1
614,10-25-53,60,56.5,3.5,1,0.0,1
615,10-25-55,60,56.5,3.5,1,0.0,1
616,10-25-58,60,56.562,3.4380000000000024,1,0.06199999999999761,0
617,10-26-01,60,56.562,3.4380000000000024,1,0.0,1
618,10-26-04,60,56.562,3.4380000000000024,1,0.0,1
619,10-26-07,60,56.562,3.4380000000000024,1,0.0,1
620,10-26-10,60,56.625,3.375,1,0.06300000000000239,0
621,10-26-13,60,56.75,3.25,1,0.125,0
622,10-26-15,60,56.875,3.125,1,0.125,0
623,10-26-18,60,57.0,3.0,1,0.125,0
624,10-26-21,60,57.125,2.875,1,0.125,0
625,10-26-24,60,57.062,2.9380000000000024,1,-0.06300000000000239,1
626,10-26-27,60,57.062,2.9380000000000024,1,0.0,1
627,10-26-29,60,57.062,2.9380000000000024,1,0.0,1
628,10-26-32,60,57.0,3.0,1,-0.06199999999999761,1
629,10-26-35,60,57.0,3.0,1,0.0,1
630,10-26-38,60,57.0,3.0,1,0.0,1
631,10-26-40,60,57.0,3.0,1,0.0,1
632,10-26-43,60,57.0,3.0,1,0.0,1
633,10-26-46,60,57.062,2.9380000000000024,1,0.06199999999999761,0
634,10-26-49,60,57.062,2.9380000000000024,1,0.0,1
635,10-26-52,60,57.062,2.9380000000000024,1,0.0,1
636,10-26-55,60,57.062,2.9380000000000024,1,0.0,1
637,10-26-57,60,57.062,2.9380000000000024,1,0.0,1
638,10-27-00,60,57.125,2.875,1,0.06300000000000239,0
639,10-27-03,60,57.125,2.875,1,0.0,1
640,10-27-06,60,57.25,2.75,1,0.125,0
641,10-27-09,60,57.25,2.75,1,0.0,1
642,10-27-12,60,57.375,2.625,1,0.125,0
643,10-27-15,60,57.375,2.625,1,0.0,1
644,10-27-18,60,57.5,2.5,1,0.125,0
645,10-27-21,60,57.562,2.4380000000000024,1,0.06199999999999761,0
646,10-27-24,60,57.562,2.4380000000000024,1,0.0,1
647,10-27-27,60,57.562,2.4380000000000024,1,0.0,1
648,10-27-30,60,57.625,2.375,1,0.06300000000000239,0
649,10-27-33,60,57.75,2.25,1,0.125,0
650,10-27-36,60,57.812,2.1880000000000024,1,0.06199999999999761,0
651,10-27-39,60,57.812,2.1880000000000024,1,0.0,1
652,10-27-42,60,57.812,2.1880000000000024,1,0.0,1
653,10-27-44,60,57.812,2.1880000000000024,1,0.0,1
654,10-27-47,60,57.875,2.125,1,0.06300000000000239,0
655,10-27-50,60,57.875,2.125,1,0.0,1
656,10-27-53,60,57.937,2.0630000000000024,1,0.06199999999999761,0
657,10-27-56,60,57.937,2.0630000000000024,1,0.0,1
658,10-27-59,60,58.0,2.0,1,0.06300000000000239,0
659,10-28-03,60,58.062,1.9380000000000024,1,0.06199999999999761,0
660,10-28-05,60,58.062,1.9380000000000024,1,0.0,1
661,10-28-08,60,58.125,1.875,1,0.06300000000000239,0
662,10-28-11,60,58.125,1.875,1,0.0,1
663,10-28-14,60,58.187,1.8130000000000024,1,0.06199999999999761,0
664,10-28-17,60,58.25,1.75,1,0.06300000000000239,0
665,10-28-20,60,58.375,1.625,1,0.125,0
666,10-28-23,60,58.562,1.4380000000000024,1,0.1869999999999976,0
667,10-28-26,60,58.687,1.3130000000000024,1,0.125,0
668,10-28-28,60,58.687,1.3130000000000024,1,0.0,1
669,10-28-31,60,58.687,1.3130000000000024,1,0.0,1
670,10-28-34,60,58.75,1.25,1,0.06300000000000239,0
671,10-28-37,60,58.75,1.25,1,0.0,1
672,10-28-40,60,58.75,1.25,1,0.0,1
673,10-28-43,60,58.75,1.25,1,0.0,1
674,10-28-46,60,58.75,1.25,1,0.0,1
675,10-28-48,60,58.75,1.25,1,0.0,1
676,10-28-51,60,58.75,1.25,1,0.0,1
677,10-28-54,60,58.812,1.1880000000000024,1,0.06199999999999761,0
678,10-28-57,60,58.875,1.125,1,0.06300000000000239,0
679,10-29-00,60,58.937,1.0630000000000024,1,0.06199999999999761,0
680,10-29-02,60,58.937,1.0630000000000024,1,0.0,1
681,10-29-05,60,59.0,1.0,1,0.06300000000000239,0
682,10-29-08,60,59.062,0.9380000000000024,1,0.06199999999999761,0
683,10-29-11,60,59.125,0.875,1,0.06300000000000239,0
684,10-29-14,60,59.125,0.875,1,0.0,0.89
685,10-29-17,60,59.25,0.75,1,0.125,0
686,10-29-20,60,59.25,0.75,1,0.0,0.76
687,10-29-23,60,59.312,0.6880000000000024,1,0.06199999999999761,0
688,10-29-26,60,59.375,0.625,1,0.06300000000000239,0
689,10-29-29,60,59.375,0.625,1,0.0,0.64
690,10-29-32,60,59.5,0.5,1,0.125,0
691,10-29-35,60,59.562,0.4380000000000024,1,0.06199999999999761,0
692,10-29-38,60,59.625,0.375,1,0.06300000000000239,0
693,10-29-40,60,59.625,0.375,1,0.0,0.39
694,10-29-44,60,59.562,0.4380000000000024,1,-0.06300000000000239,1
695,10-29-47,60,59.562,0.4380000000000024,1,0.0,0.45
696,10-29-50,60,59.562,0.4380000000000024,1,0.0,0.45
697,10-29-53,60,59.562,0.4380000000000024,1,0.0,0.45
698,10-29-57,60,59.562,0.4380000000000024,1,0.0,0.45
699,10-30-00,60,59.625,0.375,1,0.06300000000000239,0
700,10-30-03,60,59.625,0.375,1,0.0,0.39
701,10-30-07,60,59.687,0.3130000000000024,1,0.06199999999999761,0
702,10-30-10,60,59.687,0.3130000000000024,1,0.0,0.32
703,10-30-14,60,59.687,0.3130000000000024,1,0.0,0.32
704,10-30-17,60,59.75,0.25,1,0.06300000000000239,0
705,10-30-20,60,59.75,0.25,1,0.0,0.26
706,10-30-23,60,59.812,0.1880000000000024,1,0.06199999999999761,0
707,10-30-26,60,59.875,0.125,1,0.06300000000000239,0
708,10-30-29,60,59.875,0.125,1,0.0,0.14
709,10-30-32,60,59.812,0.1880000000000024,1,-0.06300000000000239,1
710,10-30-35,60,59.812,0.1880000000000024,1,0.0,0.2
711,10-30-38,60,59.875,0.125,1,0.06300000000000239,0
712,10-30-41,60,59.875,0.125,1,0.0,0.14
713,10-30-45,60,59.875,0.125,1,0.0,0.14
714,10-30-48,60,59.937,0.06300000000000239,1,0.06199999999999761,0
715,10-30-51,60,60.0,0.0,1.0,0.06300000000000239,0
716,10-30-54,60,60.0,0.0,1.0,0.0,0.01
717,10-30-58,60,60.0,0.0,1.0,0.0,0.01
718,10-31-02,60,60.062,-0.06199999999999761,0.9380000000000024,0.06199999999999761,0
719,10-31-05,60,60.125,-0.125,0.8130000000000024,0.06300000000000239,0
720,10-31-07,60,60.125,-0.125,0.6880000000000024,0.0,0
721,10-31-10,60,60.062,-0.06199999999999761,0.6260000000000048,-0.06300000000000239,1
722,10-31-13,60,60.125,-0.125,0.5010000000000048,0.06300000000000239,0
723,10-31-16,60,60.062,-0.06199999999999761,0.43900000000000716,-0.06300000000000239,1
724,10-31-19,60,60.062,-0.06199999999999761,0.37700000000000955,0.0,0
725,10-31-22,60,60.0,0.0,0.37700000000000955,-0.06199999999999761,1
726,10-31-26,60,60.0,0.0,0.37700000000000955,0.0,0
727,10-31-29,60,60.062,-0.06199999999999761,0.31500000000001194,0.06199999999999761,0
728,10-31-31,60,60.062,-0.06199999999999761,0.2530000000000143,0.0,0
729,10-31-34,60,60.062,-0.06199999999999761,0.1910000000000167,0.0,0
730,10-31-37,60,60.0,0.0,0.1910000000000167,-0.06199999999999761,1
731,10-31-40,60,60.125,-0.125,0.06600000000001671,0.125,0
732,10-31-43,60,60.187,-0.1869999999999976,0,0.06199999999999761,0
733,10-31-46,60,60.187,-0.1869999999999976,0,0.0,0
734,10-31-48,60,60.187,-0.1869999999999976,0,0.0,0
735,10-31-51,60,60.25,-0.25,0,0.06300000000000239,0
736,10-31-54,60,60.25,-0.25,0,0.0,0
737,10-31-57,60,60.187,-0.1869999999999976,0,-0.06300000000000239,1
738,10-32-00,60,60.25,-0.25,0,0.06300000000000239,0
739,10-32-03,60,60.25,-0.25,0,0.0,0
740,10-32-05,60,60.25,-0.25,0,0.0,0
741,10-32-08,60,60.25,-0.25,0,0.0,0
742,10-32-11,60,60.25,-0.25,0,0.0,0
743,10-32-14,60,60.25,-0.25,0,0.0,0
744,10-32-16,60,60.25,-0.25,0,0.0,0
745,10-32-19,60,60.25,-0.25,0,0.0,0
746,10-32-22,60,60.25,-0.25,0,0.0,0
747,10-32-24,60,60.25,-0.25,0,0.0,0
748,10-32-27,60,60.25,-0.25,0,0.0,0
749,10-32-30,60,60.25,-0.25,0,0.0,0
750,10-32-33,60,60.25,-0.25,0,0.0,0
751,10-32-35,60,60.25,-0.25,0,0.0,0
752,10-32-38,60,60.25,-0.25,0,0.0,0
753,10-32-41,60,60.25,-0.25,0,0.0,0
754,10-32-44,60,60.25,-0.25,0,0.0,0
755,10-32-46,60,60.25,-0.25,0,0.0,0
756,10-32-49,60,60.25,-0.25,0,0.0,0
757,10-32-52,60,60.25,-0.25,0,0.0,0
758,10-32-54,60,60.25,-0.25,0,0.0,0
759,10-32-57,60,60.312,-0.3119999999999976,0,0.06199999999999761,0
760,10-33-00,60,60.312,-0.3119999999999976,0,0.0,0
761,10-33-03,60,60.312,-0.3119999999999976,0,0.0,0
762,10-33-05,60,60.312,-0.3119999999999976,0,0.0,0
763,10-33-08,60,60.312,-0.3119999999999976,0,0.0,0
764,10-33-11,60,60.312,-0.3119999999999976,0,0.0,0
765,10-33-14,60,60.312,-0.3119999999999976,0,0.0,0
766,10-33-16,60,60.25,-0.25,0,-0.06199999999999761,1
767,10-33-20,60,60.187,-0.1869999999999976,0,-0.06300000000000239,1
768,10-33-22,60,60.25,-0.25,0,0.06300000000000239,0
769,10-33-25,60,60.187,-0.1869999999999976,0,-0.06300000000000239,1
770,10-33-28,60,60.125,-0.125,0,-0.06199999999999761,1
771,10-33-31,60,60.125,-0.125,0,0.0,0
772,10-33-34,60,60.125,-0.125,0,0.0,0
773,10-33-37,60,60.187,-0.1869999999999976,0,0.06199999999999761,0
774,10-33-40,60,60.187,-0.1869999999999976,0,0.0,0
775,10-33-42,60,60.187,-0.1869999999999976,0,0.0,0
776,10-33-45,60,60.312,-0.3119999999999976,0,0.125,0
777,10-33-48,60,60.312,-0.3119999999999976,0,0.0,0
778,10-33-51,60,60.312,-0.3119999999999976,0,0.0,0
779,10-33-53,60,60.375,-0.375,0,0.06300000000000239,0
780,10-33-56,60,60.312,-0.3119999999999976,0,-0.06300000000000239,1
781,10-33-59,60,60.312,-0.3119999999999976,0,0.0,0
782,10-34-02,60,60.312,-0.3119999999999976,0,0.0,0
783,10-34-05,60,60.312,-0.3119999999999976,0,0.0,0
784,10-34-08,60,60.25,-0.25,0,-0.06199999999999761,1
785,10-34-11,60,60.25,-0.25,0,0.0,0
786,10-34-14,60,60.25,-0.25,0,0.0,0
787,10-34-16,60,60.187,-0.1869999999999976,0,-0.06300000000000239,1
788,10-34-19,60,60.187,-0.1869999999999976,0,0.0,0
789,10-34-22,60,60.187,-0.1869999999999976,0,0.0,0
790,10-34-25,60,60.187,-0.1869999999999976,0,0.0,0
791,10-34-28,60,60.187,-0.1869999999999976,0,0.0,0
792,10-34-31,60,60.187,-0.1869999999999976,0,0.0,0
793,10-34-33,60,60.187,-0.1869999999999976,0,0.0,0
794,10-34-36,60,60.125,-0.125,0,-0.06199999999999761,1
795,10-34-39,60,60.125,-0.125,0,0.0,0
796,10-34-42,60,60.125,-0.125,0,0.0,0
797,10-34-45,60,60.125,-0.125,0,0.0,0
798,10-34-48,60,60.062,-0.06199999999999761,0,-0.06300000000000239,1
799,10-34-51,60,60.187,-0.1869999999999976,0,0.125,0
800,10-34-54,60,60.187,-0.1869999999999976,0,0.0,0
801,10-34-56,60,60.187,-0.1869999999999976,0,0.0,0
802,10-34-59,60,60.187,-0.1869999999999976,0,0.0,0
803,10-35-02,60,60.187,-0.1869999999999976,0,0.0,0
804,10-35-05,60,60.187,-0.1869999999999976,0,0.0,0
805,10-35-07,60,60.125,-0.125,0,-0.06199999999999761,1
806,10-35-10,60,60.125,-0.125,0,0.0,0
807,10-35-13,60,60.125,-0.125,0,0.0,0
808,10-35-16,60,60.062,-0.06199999999999761,0,-0.06300000000000239,1
809,10-35-19,60,60.062,-0.06199999999999761,0,0.0,0
810,10-35-22,60,60.062,-0.06199999999999761,0,0.0,0
811,10-35-25,60,60.125,-0.125,0,0.06300000000000239,0
812,10-35-28,60,60.062,-0.06199999999999761,0,-0.06300000000000239,1
813,10-35-31,60,60.062,-0.06199999999999761,0,0.0,0
814,10-35-34,60,60.125,-0.125,0,0.06300000000000239,0
815,10-35-37,60,60.187,-0.1869999999999976,0,0.06199999999999761,0
816,10-35-40,60,60.125,-0.125,0,-0.06199999999999761,1
817,10-35-43,60,60.125,-0.125,0,0.0,0
818,10-35-46,60,60.125,-0.125,0,0.0,0
819,10-35-48,60,60.187,-0.1869999999999976,0,0.06199999999999761,0
820,10-35-51,60,60.25,-0.25,0,0.06300000000000239,0
821,10-35-54,60,60.375,-0.375,0,0.125,0
822,10-35-57,60,60.437,-0.4369999999999976,0,0.06199999999999761,0
823,10-35-59,60,60.375,-0.375,0,-0.06199999999999761,1
824,10-36-02,60,60.437,-0.4369999999999976,0,0.06199999999999761,0
825,10-36-05,60,60.375,-0.375,0,-0.06199999999999761,1
826,10-36-08,60,60.375,-0.375,0,0.0,0
827,10-36-12,60,60.312,-0.3119999999999976,0,-0.06300000000000239,1
828,10-36-14,60,60.312,-0.3119999999999976,0,0.0,0
829,10-36-18,60,60.25,-0.25,0,-0.06199999999999761,1
830,10-36-21,60,60.187,-0.1869999999999976,0,-0.06300000000000239,1
831,10-36-23,60,60.187,-0.1869999999999976,0,0.0,0
832,10-36-26,60,60.187,-0.1869999999999976,0,0.0,0
833,10-36-29,60,60.187,-0.1869999999999976,0,0.0,0
834,10-36-32,60,60.187,-0.1869999999999976,0,0.0,0
835,10-36-35,60,60.187,-0.1869999999999976,0,0.0,0
836,10-36-37,60,60.25,-0.25,0,0.06300000000000239,0
837,10-36-40,60,60.25,-0.25,0,0.0,0
838,10-36-43,60,60.25,-0.25,0,0.0,0
839,10-36-46,60,60.25,-0.25,0,0.0,0
840,10-36-48,60,60.25,-0.25,0,0.0,0
841,10-36-51,60,60.25,-0.25,0,0.0,0
842,10-36-54,60,60.25,-0.25,0,0.0,0
843,10-36-56,60,60.25,-0.25,0,0.0,0
844,10-36-59,60,60.312,-0.3119999999999976,0,0.06199999999999761,0
845,10-37-02,60,60.25,-0.25,0,-0.06199999999999761,1
846,10-37-05,60,60.375,-0.375,0,0.125,0
847,10-37-08,60,60.375,-0.375,0,0.0,0
848,10-37-11,60,60.437,-0.4369999999999976,0,0.06199999999999761,0
849,10-37-13,60,60.437,-0.4369999999999976,0,0.0,0
850,10-37-16,60,60.375,-0.375,0,-0.06199999999999761,1
851,10-37-19,60,60.375,-0.375,0,0.0,0
852,10-37-22,60,60.312,-0.3119999999999976,0,-0.06300000000000239,1
853,10-37-25,60,60.312,-0.3119999999999976,0,0.0,0
854,10-37-28,60,60.312,-0.3119999999999976,0,0.0,0
855,10-37-31,60,60.25,-0.25,0,-0.06199999999999761,1
856,10-37-34,60,60.25,-0.25,0,0.0,0
857,10-37-37,60,60.25,-0.25,0,0.0,0
858,10-37-40,60,60.25,-0.25,0,0.0,0
859,10-37-43,60,60.25,-0.25,0,0.0,0
860,10-37-45,60,60.25,-0.25,0,0.0,0
861,10-37-48,60,60.312,-0.3119999999999976,0,0.06199999999999761,0
862,10-37-51,60,60.437,-0.4369999999999976,0,0.125,0
863,10-37-54,60,60.5,-0.5,0,0.06300000000000239,0
864,10-37-56,60,60.562,-0.5619999999999976,0,0.06199999999999761,0
865,10-37-59,60,60.562,-0.5619999999999976,0,0.0,0
866,10-38-02,60,60.5,-0.5,0,-0.06199999999999761,1
867,10-38-05,60,60.5,-0.5,0,0.0,0
868,10-38-08,60,60.437,-0.4369999999999976,0,-0.06300000000000239,1
869,10-38-11,60,60.437,-0.4369999999999976,0,0.0,0
870,10-38-14,60,60.375,-0.375,0,-0.06199999999999761,1
871,10-38-17,60,60.5,-0.5,0,0.125,0
872,10-38-20,60,60.562,-0.5619999999999976,0,0.06199999999999761,0
873,10-38-23,60,60.562,-0.5619999999999976,0,0.0,0
874,10-38-26,60,60.625,-0.625,0,0.06300000000000239,0
875,10-38-28,60,60.625,-0.625,0,0.0,0
876,10-38-31,60,60.75,-0.75,0,0.125,0
877,10-38-34,60,60.687,-0.6869999999999976,0,-0.06300000000000239,1
878,10-38-37,60,60.625,-0.625,0,-0.06199999999999761,1
879,10-38-40,60,60.625,-0.625,0,0.0,0
880,10-38-43,60,60.5,-0.5,0,-0.125,1
881,10-38-46,60,60.5,-0.5,0,0.0,0
882,10-38-49,60,60.437,-0.4369999999999976,0,-0.06300000000000239,1
883,10-38-52,60,60.437,-0.4369999999999976,0,0.0,0
884,10-38-55,60,60.5,-0.5,0,0.06300000000000239,0
885,10-38-57,60,60.437,-0.4369999999999976,0,-0.06300000000000239,1
886,10-39-00,60,60.437,-0.4369999999999976,0,0.0,0
887,10-39-04,60,60.5,-0.5,0,0.06300000000000239,0
888,10-39-06,60,60.562,-0.5619999999999976,0,0.06199999999999761,0
889,10-39-09,60,60.687,-0.6869999999999976,0,0.125,0
890,10-39-12,60,60.625,-0.625,0,-0.06199999999999761,1
891,10-39-15,60,60.562,-0.5619999999999976,0,-0.06300000000000239,1
892,10-39-18,60,60.687,-0.6869999999999976,0,0.125,0
893,10-39-21,60,60.625,-0.625,0,-0.06199999999999761,1
894,10-39-24,60,60.625,-0.625,0,0.0,0
895,10-39-27,60,60.687,-0.6869999999999976,0,0.06199999999999761,0
896,10-39-30,60,60.687,-0.6869999999999976,0,0.0,0
897,10-39-32,60,60.812,-0.8119999999999976,0,0.125,0
898,10-39-35,60,60.875,-0.875,0,0.06300000000000239,0
899,10-39-38,60,60.75,-0.75,0,-0.125,1
900,10-39-41,60,60.75,-0.75,0,0.0,0
901,10-39-44,60,60.687,-0.6869999999999976,0,-0.06300000000000239,1
902,10-39-47,60,60.687,-0.6869999999999976,0,0.0,0
903,10-39-50,60,60.687,-0.6869999999999976,0,0.0,0
904,10-39-53,60,60.75,-0.75,0,0.06300000000000239,0
905,10-39-55,60,60.75,-0.75,0,0.0,0
906,10-39-58,60,60.875,-0.875,0,0.125,0
907,10-40-01,60,60.937,-0.9369999999999976,0,0.06199999999999761,0
908,10-40-04,60,61.0,-1.0,0,0.06300000000000239,0
909,10-40-06,60,61.0,-1.0,0,0.0,0
910,10-40-09,60,60.937,-0.9369999999999976,0,-0.06300000000000239,1
911,10-40-12,60,60.937,-0.9369999999999976,0,0.0,0
912,10-40-15,60,60.937,-0.9369999999999976,0,0.0,0
913,10-40-18,60,60.875,-0.875,0,-0.06199999999999761,1
914,10-40-21,60,60.812,-0.8119999999999976,0,-0.06300000000000239,1
915,10-40-24,60,60.812,-0.8119999999999976,0,0.0,0
916,10-40-27,60,60.75,-0.75,0,-0.06199999999999761,1
917,10-40-30,60,60.75,-0.75,0,0.0,0
918,10-40-33,60,60.812,-0.8119999999999976,0,0.06199999999999761,0
919,10-40-36,60,60.875,-0.875,0,0.06300000000000239,0
920,10-40-39,60,61.0,-1.0,0,0.125,0
921,10-40-41,60,61.125,-1.125,0,0.125,0
922,10-40-44,60,61.125,-1.125,0,0.0,0
923,10-40-47,60,61.187,-1.1869999999999976,0,0.06199999999999761,0
924,10-40-49,60,61.187,-1.1869999999999976,0,0.0,0
925,10-40-52,60,61.125,-1.125,0,-0.06199999999999761,1
926,10-40-55,60,61.0,-1.0,0,-0.125,1
927,10-40-58,60,61.0,-1.0,0,0.0,0
928,10-41-01,60,60.937,-0.9369999999999976,0,-0.06300000000000239,1
929,10-41-04,60,60.875,-0.875,0,-0.06199999999999761,1
930,10-41-07,60,60.875,-0.875,0,0.0,0
931,10-41-10,60,60.875,-0.875,0,0.0,0
932,10-41-13,60,60.937,-0.9369999999999976,0,0.06199999999999761,0
933,10-41-15,60,61.062,-1.0619999999999976,0,0.125,0
934,10-41-18,60,61.125,-1.125,0,0.06300000000000239,0
935,10-41-21,60,61.187,-1.1869999999999976,0,0.06199999999999761,0
936,10-41-24,60,61.187,-1.1869999999999976,0,0.0,0
937,10-41-26,60,61.125,-1.125,0,-0.06199999999999761,1
938,10-41-29,60,61.062,-1.0619999999999976,0,-0.06300000000000239,1
939,10-41-32,60,61.0,-1.0,0,-0.06199999999999761,1
940,10-41-35,60,61.0,-1.0,0,0.0,0
941,10-41-38,60,61.062,-1.0619999999999976,0,0.06199999999999761,0
942,10-41-41,60,61.125,-1.125,0,0.06300000000000239,0
943,10-41-43,60,61.187,-1.1869999999999976,0,0.06199999999999761,0
944,10-41-46,60,61.25,-1.25,0,0.06300000000000239,0
945,10-41-49,60,61.25,-1.25,0,0.0,0
946,10-41-51,60,61.187,-1.1869999999999976,0,-0.06300000000000239,1
947,10-41-55,60,61.187,-1.1869999999999976,0,0.0,0
948,10-41-58,60,61.125,-1.125,0,-0.06199999999999761,1
949,10-42-01,60,61.125,-1.125,0,0.0,0
950,10-42-04,60,61.125,-1.125,0,0.0,0
951,10-42-07,60,61.062,-1.0619999999999976,0,-0.06300000000000239,1
952,10-42-10,60,61.187,-1.1869999999999976,0,0.125,0
953,10-42-13,60,61.25,-1.25,0,0.06300000000000239,0
954,10-42-15,60,61.312,-1.3119999999999976,0,0.06199999999999761,0
955,10-42-18,60,61.312,-1.3119999999999976,0,0.0,0
956,10-42-21,60,61.312,-1.3119999999999976,0,0.0,0
957,10-42-24,60,61.312,-1.3119999999999976,0,0.0,0
958,10-42-26,60,61.25,-1.25,0,-0.06199999999999761,1
959,10-42-29,60,61.25,-1.25,0,0.0,0
960,10-42-32,60,61.187,-1.1869999999999976,0,-0.06300000000000239,1
961,10-42-36,60,61.187,-1.1869999999999976,0,0.0,0
962,10-42-38,60,61.25,-1.25,0,0.06300000000000239,0
963,10-42-41,60,61.312,-1.3119999999999976,0,0.06199999999999761,0
964,10-42-44,60,61.375,-1.375,0,0.06300000000000239,0
965,10-42-47,60,61.437,-1.4369999999999976,0,0.06199999999999761,0
966,10-42-49,60,61.5,-1.5,0,0.06300000000000239,0
967,10-42-52,60,61.437,-1.4369999999999976,0,-0.06300000000000239,1
968,10-42-55,60,61.5,-1.5,0,0.06300000000000239,0
969,10-42-58,60,61.5,-1.5,0,0.0,0
970,10-43-01,60,61.562,-1.5619999999999976,0,0.06199999999999761,0
971,10-43-04,60,61.562,-1.5619999999999976,0,0.0,0
972,10-43-06,60,61.562,-1.5619999999999976,0,0.0,0
973,10-43-09,60,61.5,-1.5,0,-0.06199999999999761,1
974,10-43-12,60,61.5,-1.5,0,0.0,0
975,10-43-15,60,61.5,-1.5,0,0.0,0
976,10-43-18,60,61.562,-1.5619999999999976,0,0.06199999999999761,0
977,10-43-21,60,61.562,-1.5619999999999976,0,0.0,0
978,10-43-23,60,61.562,-1.5619999999999976,0,0.0,0
979,10-43-26,60,61.437,-1.4369999999999976,0,-0.125,1
980,10-43-29,60,61.5,-1.5,0,0.06300000000000239,0
981,10-43-32,60,61.437,-1.4369999999999976,0,-0.06300000000000239,1
982,10-43-35,60,61.437,-1.4369999999999976,0,0.0,0
983,10-43-38,60,61.437,-1.4369999999999976,0,0.0,0
984,10-43-41,60,61.437,-1.4369999999999976,0,0.0,0
985,10-43-44,60,61.5,-1.5,0,0.06300000000000239,0
986,10-43-47,60,61.562,-1.5619999999999976,0,0.06199999999999761,0
987,10-43-49,60,61.562,-1.5619999999999976,0,0.0,0
988,10-43-52,60,61.562,-1.5619999999999976,0,0.0,0
989,10-43-55,60,61.625,-1.625,0,0.06300000000000239,0
990,10-43-58,60,61.625,-1.625,0,0.0,0
991,10-44-00,60,61.625,-1.625,0,0.0,0
992,10-44-03,60,61.562,-1.5619999999999976,0,-0.06300000000000239,1
993,10-44-06,60,61.5,-1.5,0,-0.06199999999999761,1
994,10-44-09,60,61.5,-1.5,0,0.0,0
995,10-44-12,60,61.5,-1.5,0,0.0,0
996,10-44-15,60,61.437,-1.4369999999999976,0,-0.06300000000000239,1
997,10-44-18,60,61.437,-1.4369999999999976,0,0.0,0
998,10-44-21,60,61.437,-1.4369999999999976,0,0.0,0
999,10-44-23,60,61.437,-1.4369999999999976,0,0.0,0
1000,10-44-26,60,61.437,-1.4369999999999976,0,0.0,0
1001,10-44-29,60,61.5,-1.5,0,0.06300000000000239,0
1002,10-44-32,60,61.5,-1.5,0,0.0,0
1003,10-44-34,60,61.5,-1.5,0,0.0,0
1004,10-44-37,60,61.5,-1.5,0,0.0,0
1005,10-44-40,60,61.437,-1.4369999999999976,0,-0.06300000000000239,1
1006,10-44-43,60,61.437,-1.4369999999999976,0,0.0,0
1007,10-44-46,60,61.437,-1.4369999999999976,0,0.0,0
1008,10-44-49,60,61.437,-1.4369999999999976,0,0.0,0
1009,10-44-51,60,61.437,-1.4369999999999976,0,0.0,0
1010,10-44-54,60,61.437,-1.4369999999999976,0,0.0,0
1011,10-44-57,60,61.437,-1.4369999999999976,0,0.0,0
1012,10-45-00,60,61.5,-1.5,0,0.06300000000000239,0
1013,10-45-02,60,61.5,-1.5,0,0.0,0
1014,10-45-05,60,61.5,-1.5,0,0.0,0
1015,10-45-08,60,61.5,-1.5,0,0.0,0
1016,10-45-10,60,61.5,-1.5,0,0.0,0
1017,10-45-13,60,61.5,-1.5,0,0.0,0
1018,10-45-16,60,61.5,-1.5,0,0.0,0
1019,10-45-19,60,61.5,-1.5,0,0.0,0
1020,10-45-21,60,61.5,-1.5,0,0.0,0
1021,10-45-24,60,61.5,-1.5,0,0.0,0
1022,10-45-27,60,61.5,-1.5,0,0.0,0
1023,10-45-29,60,61.5,-1.5,0,0.0,0
1024,10-45-32,60,61.5,-1.5,0,0.0,0
1025,10-45-35,60,61.5,-1.5,0,0.0,0
1026,10-45-38,60,61.5,-1.5,0,0.0,0
1027,10-45-40,60,61.437,-1.4369999999999976,0,-0.06300000000000239,1
1028,10-45-43,60,61.5,-1.5,0,0.06300000000000239,0
1029,10-45-46,60,61.5,-1.5,0,0.0,0
1030,10-45-49,60,61.5,-1.5,0,0.0,0
1031,10-45-52,60,61.5,-1.5,0,0.0,0
1032,10-45-55,60,61.5,-1.5,0,0.0,0
1033,10-45-57,60,61.437,-1.4369999999999976,0,-0.06300000000000239,1
1034,10-46-00,60,61.375,-1.375,0,-0.06199999999999761,1
1035,10-46-03,60,61.375,-1.375,0,0.0,0
1036,10-46-06,60,61.375,-1.375,0,0.0,0
1037,10-46-09,60,61.375,-1.375,0,0.0,0
1038,10-46-12,60,61.312,-1.3119999999999976,0,-0.06300000000000239,1
1039,10-46-15,60,61.312,-1.3119999999999976,0,0.0,0
1040,10-46-18,60,61.312,-1.3119999999999976,0,0.0,0
1041,10-46-21,60,61.375,-1.375,0,0.06300000000000239,0
1042,10-46-23,60,61.375,-1.375,0,0.0,0
1043,10-46-26,60,61.437,-1.4369999999999976,0,0.06199999999999761,0
1044,10-46-29,60,61.5,-1.5,0,0.06300000000000239,0
1045,10-46-32,60,61.5,-1.5,0,0.0,0
1046,10-46-34,60,61.5,-1.5,0,0.0,0
1047,10-46-37,60,61.5,-1.5,0,0.0,0
1048,10-46-40,60,61.437,-1.4369999999999976,0,-0.06300000000000239,1
1049,10-46-43,60,61.375,-1.375,0,-0.06199999999999761,1
1050,10-46-45,60,61.375,-1.375,0,0.0,0
1051,10-46-49,60,61.375,-1.375,0,0.0,0
1052,10-46-51,60,61.312,-1.3119999999999976,0,-0.06300000000000239,1
1053,10-46-54,60,61.312,-1.3119999999999976,0,0.0,0
1054,10-46-58,60,61.312,-1.3119999999999976,0,0.0,0
1055,10-47-00,60,61.312,-1.3119999999999976,0,0.0,0
1056,10-47-03,60,61.312,-1.3119999999999976,0,0.0,0
1057,10-47-06,60,61.312,-1.3119999999999976,0,0.0,0
1058,10-47-08,60,61.375,-1.375,0,0.06300000000000239,0
1059,10-47-11,60,61.312,-1.3119999999999976,0,-0.06300000000000239,1
1060,10-47-14,60,61.5,-1.5,0,0.1880000000000024,0
1061,10-47-17,60,61.562,-1.5619999999999976,0,0.06199999999999761,0
1062,10-47-20,60,61.562,-1.5619999999999976,0,0.0,0
1063,10-47-23,60,61.625,-1.625,0,0.06300000000000239,0
1064,10-47-25,60,61.562,-1.5619999999999976,0,-0.06300000000000239,1
1065,10-47-28,60,61.562,-1.5619999999999976,0,0.0,0
1066,10-47-32,60,61.5,-1.5,0,-0.06199999999999761,1
1067,10-47-35,60,61.5,-1.5,0,0.0,0
1068,10-47-38,60,61.5,-1.5,0,0.0,0
1069,10-47-40,60,61.5,-1.5,0,0.0,0
1070,10-47-43,60,61.437,-1.4369999999999976,0,-0.06300000000000239,1
1071,10-47-46,60,61.375,-1.375,0,-0.06199999999999761,1
1072,10-47-49,60,61.437,-1.4369999999999976,0,0.06199999999999761,0
1073,10-47-52,60,61.5,-1.5,0,0.06300000000000239,0
1074,10-47-55,60,61.5,-1.5,0,0.0,0
1075,10-47-57,60,61.437,-1.4369999999999976,0,-0.06300000000000239,1
1076,10-48-00,60,61.5,-1.5,0,0.06300000000000239,0
1077,10-48-04,60,61.5,-1.5,0,0.0,0
1078,10-48-06,60,61.5,-1.5,0,0.0,0
1079,10-48-09,60,61.5,-1.5,0,0.0,0
1080,10-48-12,60,61.437,-1.4369999999999976,0,-0.06300000000000239,1
1081,10-48-15,60,61.375,-1.375,0,-0.06199999999999761,1
1082,10-48-17,60,61.375,-1.375,0,0.0,0
1083,10-48-21,60,61.375,-1.375,0,0.0,0
1084,10-48-23,60,61.5,-1.5,0,0.125,0
1085,10-48-26,60,61.5,-1.5,0,0.0,0
1086,10-48-29,60,61.562,-1.5619999999999976,0,0.06199999999999761,0
1087,10-48-32,60,61.562,-1.5619999999999976,0,0.0,0
1088,10-48-34,60,61.5,-1.5,0,-0.06199999999999761,1
1089,10-48-37,60,61.5,-1.5,0,0.0,0
1090,10-48-40,60,61.562,-1.5619999999999976,0,0.06199999999999761,0
1091,10-48-43,60,61.562,-1.5619999999999976,0,0.0,0
1092,10-48-46,60,61.625,-1.625,0,0.06300000000000239,0
1093,10-48-49,60,61.562,-1.5619999999999976,0,-0.06300000000000239,1
1094,10-48-52,60,61.562,-1.5619999999999976,0,0.0,0
1095,10-48-55,60,61.562,-1.5619999999999976,0,0.0,0
1096,10-48-57,60,61.562,-1.5619999999999976,0,0.0,0
1097,10-49-00,60,61.625,-1.625,0,0.06300000000000239,0
1098,10-49-03,60,61.687,-1.6869999999999976,0,0.06199999999999761,0
1099,10-49-06,60,61.687,-1.6869999999999976,0,0.0,0
1100,10-49-08,60,61.687,-1.6869999999999976,0,0.0,0
1101,10-49-11,60,61.687,-1.6869999999999976,0,0.0,0
1102,10-49-14,60,61.687,-1.6869999999999976,0,0.0,0
1103,10-49-17,60,61.625,-1.625,0,-0.06199999999999761,1
1104,10-49-20,60,61.625,-1.625,0,0.0,0
1105,10-49-23,60,61.625,-1.625,0,0.0,0
1106,10-49-25,60,61.625,-1.625,0,0.0,0
1107,10-49-28,60,61.562,-1.5619999999999976,0,-0.06300000000000239,1
1108,10-49-31,60,61.625,-1.625,0,0.06300000000000239,0
1109,10-49-34,60,61.687,-1.6869999999999976,0,0.06199999999999761,0
1110,10-49-37,60,61.625,-1.625,0,-0.06199999999999761,1
1111,10-49-40,60,61.625,-1.625,0,0.0,0
1112,10-49-43,60,61.625,-1.625,0,0.0,0
1113,10-49-46,60,61.625,-1.625,0,0.0,0
1114,10-49-49,60,61.562,-1.5619999999999976,0,-0.06300000000000239,1
1115,10-49-52,60,61.562,-1.5619999999999976,0,0.0,0
1116,10-49-55,60,61.562,-1.5619999999999976,0,0.0,0
1117,10-49-57,60,61.5,-1.5,0,-0.06199999999999761,1
1118,10-50-01,60,61.5,-1.5,0,0.0,0
1119,10-50-04,60,61.562,-1.5619999999999976,0,0.06199999999999761,0
1120,10-50-06,60,61.562,-1.5619999999999976,0,0.0,0
1121,10-50-09,60,61.5,-1.5,0,-0.06199999999999761,1
1122,10-50-12,60,61.562,-1.5619999999999976,0,0.06199999999999761,0
1123,10-50-15,60,61.562,-1.5619999999999976,0,0.0,0
1124,10-50-18,60,61.5,-1.5,0,-0.06199999999999761,1
1125,10-50-21,60,61.5,-1.5,0,0.0,0
1126,10-50-24,60,61.562,-1.5619999999999976,0,0.06199999999999761,0
1127,10-50-27,60,61.562,-1.5619999999999976,0,0.0,0
1128,10-50-30,60,61.625,-1.625,0,0.06300000000000239,0
1129,10-50-32,60,61.562,-1.5619999999999976,0,-0.06300000000000239,1
1130,10-50-35,60,61.562,-1.5619999999999976,0,0.0,0
1131,10-50-38,60,61.625,-1.625,0,0.06300000000000239,0
1132,10-50-41,60,61.562,-1.5619999999999976,0,-0.06300000000000239,1
1133,10-50-44,60,61.562,-1.5619999999999976,0,0.0,0
1134,10-50-47,60,61.625,-1.625,0,0.06300000000000239,0
1135,10-50-50,60,61.625,-1.625,0,0.0,0
1136,10-50-53,60,61.625,-1.625,0,0.0,0
1137,10-50-55,60,61.625,-1.625,0,0.0,0
1138,10-50-58,60,61.687,-1.6869999999999976,0,0.06199999999999761,0
1139,10-51-01,60,61.687,-1.6869999999999976,0,0.0,0
1140,10-51-03,60,61.75,-1.75,0,0.06300000000000239,0
1141,10-51-06,60,61.75,-1.75,0,0.0,0
1142,10-51-09,60,61.812,-1.8119999999999976,0,0.06199999999999761,0
1143,10-51-12,60,61.812,-1.8119999999999976,0,0.0,0
1144,10-51-14,60,61.812,-1.8119999999999976,0,0.0,0
1145,10-51-17,60,61.875,-1.875,0,0.06300000000000239,0
1146,10-51-20,60,61.937,-1.9369999999999976,0,0.06199999999999761,0
1147,10-51-22,60,61.875,-1.875,0,-0.06199999999999761,1
1148,10-51-26,60,61.875,-1.875,0,0.0,0
1149,10-51-29,60,61.875,-1.875,0,0.0,0
1150,10-51-31,60,61.875,-1.875,0,0.0,0
1151,10-51-34,60,61.812,-1.8119999999999976,0,-0.06300000000000239,1
1152,10-51-37,60,61.75,-1.75,0,-0.06199999999999761,1
1153,10-51-40,60,61.687,-1.6869999999999976,0,-0.06300000000000239,1
1154,10-51-43,60,61.687,-1.6869999999999976,0,0.0,0
1155,10-51-46,60,61.75,-1.75,0,0.06300000000000239,0
1156,10-51-48,60,61.75,-1.75,0,0.0,0
1157,10-51-51,60,61.75,-1.75,0,0.0,0
1158,10-51-54,60,61.812,-1.8119999999999976,0,0.06199999999999761,0
1159,10-51-57,60,61.75,-1.75,0,-0.06199999999999761,1
1160,10-52-00,60,61.75,-1.75,0,0.0,0
1161,10-52-03,60,61.812,-1.8119999999999976,0,0.06199999999999761,0
1162,10-52-05,60,61.812,-1.8119999999999976,0,0.0,0
1163,10-52-08,60,61.812,-1.8119999999999976,0,0.0,0
1164,10-52-11,60,61.812,-1.8119999999999976,0,0.0,0
1165,10-52-14,60,61.875,-1.875,0,0.06300000000000239,0
1166,10-52-16,60,61.812,-1.8119999999999976,0,-0.06300000000000239,1
1167,10-52-19,60,61.812,-1.8119999999999976,0,0.0,0
1168,10-52-22,60,61.812,-1.8119999999999976,0,0.0,0
1169,10-52-25,60,61.812,-1.8119999999999976,0,0.0,0
1170,10-52-28,60,61.75,-1.75,0,-0.06199999999999761,1
1171,10-52-31,60,61.812,-1.8119999999999976,0,0.06199999999999761,0
1172,10-52-34,60,61.875,-1.875,0,0.06300000000000239,0
1173,10-52-37,60,61.875,-1.875,0,0.0,0
1174,10-52-39,60,61.937,-1.9369999999999976,0,0.06199999999999761,0
1175,10-52-42,60,61.937,-1.9369999999999976,0,0.0,0
1176,10-52-45,60,61.875,-1.875,0,-0.06199999999999761,1
1177,10-52-48,60,61.875,-1.875,0,0.0,0
1178,10-52-51,60,61.812,-1.8119999999999976,0,-0.06300000000000239,1
1179,10-52-54,60,61.812,-1.8119999999999976,0,0.0,0
1180,10-52-57,60,61.875,-1.875,0,0.06300000000000239,0
1181,10-53-00,60,61.812,-1.8119999999999976,0,-0.06300000000000239,1
1182,10-53-03,60,61.812,-1.8119999999999976,0,0.0,0
1183,10-53-06,60,61.812,-1.8119999999999976,0,0.0,0
1184,10-53-09,60,61.75,-1.75,0,-0.06199999999999761,1
1185,10-53-12,60,61.75,-1.75,0,0.0,0
1186,10-53-15,60,61.812,-1.8119999999999976,0,0.06199999999999761,0
1187,10-53-17,60,61.875,-1.875,0,0.06300000000000239,0
1188,10-53-20,60,62.0,-2.0,0,0.125,0
1189,10-53-23,60,62.0,-2.0,0,0.0,0
1190,10-53-26,60,61.937,-1.9369999999999976,0,-0.06300000000000239,1
1191,10-53-29,60,61.875,-1.875,0,-0.06199999999999761,1
1192,10-53-31,60,61.937,-1.9369999999999976,0,0.06199999999999761,0
1193,10-53-34,60,62.0,-2.0,0,0.06300000000000239,0
1194,10-53-37,60,62.0,-2.0,0,0.0,0
1195,10-53-40,60,61.937,-1.9369999999999976,0,-0.06300000000000239,1
1196,10-53-43,60,62.0,-2.0,0,0.06300000000000239,0
1197,10-53-46,60,61.937,-1.9369999999999976,0,-0.06300000000000239,1
1198,10-53-49,60,61.875,-1.875,0,-0.06199999999999761,1
1199,10-53-52,60,61.937,-1.9369999999999976,0,0.06199999999999761,0
1200,10-53-55,60,61.937,-1.9369999999999976,0,0.0,0
1201,10-53-58,60,61.937,-1.9369999999999976,0,0.0,0
1202,10-54-00,60,62.0,-2.0,0,0.06300000000000239,0
1203,10-54-03,60,62.125,-2.125,0,0.125,0
1204,10-54-06,60,62.125,-2.125,0,0.0,0
1205,10-54-09,60,62.187,-2.1869999999999976,0,0.06199999999999761,0
1206,10-54-11,60,62.187,-2.1869999999999976,0,0.0,0
1207,10-54-14,60,62.25,-2.25,0,0.06300000000000239,0
1208,10-54-17,60,62.187,-2.1869999999999976,0,-0.06300000000000239,1
1209,10-54-20,60,62.187,-2.1869999999999976,0,0.0,0
1210,10-54-23,60,62.125,-2.125,0,-0.06199999999999761,1
1211,10-54-26,60,62.125,-2.125,0,0.0,0
1212,10-54-29,60,62.125,-2.125,0,0.0,0
1213,10-54-32,60,62.062,-2.0619999999999976,0,-0.06300000000000239,1
1214,10-54-35,60,62.062,-2.0619999999999976,0,0.0,0
1215,10-54-38,60,62.0,-2.0,0,-0.06199999999999761,1
1216,10-54-41,60,62.0,-2.0,0,0.0,0
1217,10-54-44,60,62.062,-2.0619999999999976,0,0.06199999999999761,0
1218,10-54-47,60,62.125,-2.125,0,0.06300000000000239,0
1219,10-54-49,60,62.187,-2.1869999999999976,0,0.06199999999999761,0
1220,10-54-52,60,62.187,-2.1869999999999976,0,0.0,0
1221,10-54-55,60,62.187,-2.1869999999999976,0,0.0,0
1222,10-54-58,60,62.187,-2.1869999999999976,0,0.0,0
1223,10-55-00,60,62.125,-2.125,0,-0.06199999999999761,1
1224,10-55-03,60,62.062,-2.0619999999999976,0,-0.06300000000000239,1
1225,10-55-06,60,62.125,-2.125,0,0.06300000000000239,0
1226,10-55-09,60,62.125,-2.125,0,0.0,0
1227,10-55-12,60,62.125,-2.125,0,0.0,0
1228,10-55-15,60,62.125,-2.125,0,0.0,0
1229,10-55-18,60,62.25,-2.25,0,0.125,0
1230,10-55-20,60,62.312,-2.3119999999999976,0,0.06199999999999761,0
1231,10-55-23,60,62.312,-2.3119999999999976,0,0.0,0
1232,10-55-26,60,62.312,-2.3119999999999976,0,0.0,0
1233,10-55-28,60,62.25,-2.25,0,-0.06199999999999761,1
1234,10-55-32,60,62.25,-2.25,0,0.0,0
1235,10-55-35,60,62.187,-2.1869999999999976,0,-0.06300000000000239,1
1236,10-55-38,60,62.125,-2.125,0,-0.06199999999999761,1
1237,10-55-40,60,62.125,-2.125,0,0.0,0
1238,10-55-43,60,62.125,-2.125,0,0.0,0
1239,10-55-46,60,62.125,-2.125,0,0.0,0
1240,10-55-49,60,62.125,-2.125,0,0.0,0
1241,10-55-51,60,62.187,-2.1869999999999976,0,0.06199999999999761,0
1242,10-55-54,60,62.187,-2.1869999999999976,0,0.0,0
1243,10-55-57,60,62.187,-2.1869999999999976,0,0.0,0
1244,10-56-00,60,62.187,-2.1869999999999976,0,0.0,0
1245,10-56-02,60,62.187,-2.1869999999999976,0,0.0,0
1246,10-56-05,60,62.187,-2.1869999999999976,0,0.0,0
1247,10-56-08,60,62.125,-2.125,0,-0.06199999999999761,1
1248,10-56-11,60,62.125,-2.125,0,0.0,0
1249,10-56-14,60,62.125,-2.125,0,0.0,0
1250,10-56-17,60,62.125,-2.125,0,0.0,0
1251,10-56-19,60,62.125,-2.125,0,0.0,0
1252,10-56-22,60,62.125,-2.125,0,0.0,0
1253,10-56-25,60,62.125,-2.125,0,0.0,0
1254,10-56-28,60,62.187,-2.1869999999999976,0,0.06199999999999761,0
1255,10-56-30,60,62.187,-2.1869999999999976,0,0.0,0
1256,10-56-33,60,62.187,-2.1869999999999976,0,0.0,0
1257,10-56-36,60,62.187,-2.1869999999999976,0,0.0,0
1258,10-56-38,60,62.187,-2.1869999999999976,0,0.0,0
1259,10-56-41,60,62.187,-2.1869999999999976,0,0.0,0
1260,10-56-44,60,62.125,-2.125,0,-0.06199999999999761,1
1261,10-56-47,60,62.125,-2.125,0,0.0,0
1262,10-56-50,60,62.187,-2.1869999999999976,0,0.06199999999999761,0
1263,10-56-53,60,62.187,-2.1869999999999976,0,0.0,0
1264,10-56-55,60,62.125,-2.125,0,-0.06199999999999761,1
1265,10-56-59,60,62.125,-2.125,0,0.0,0
1266,10-57-01,60,62.125,-2.125,0,0.0,0
1267,10-57-04,60,62.125,-2.125,0,0.0,0
1268,10-57-07,60,62.125,-2.125,0,0.0,0
1269,10-57-10,60,62.125,-2.125,0,0.0,0
1270,10-57-12,60,62.125,-2.125,0,0.0,0
1271,10-57-15,60,62.125,-2.125,0,0.0,0
1272,10-57-18,60,62.125,-2.125,0,0.0,0
1273,10-57-21,60,62.062,-2.0619999999999976,0,-0.06300000000000239,1
1274,10-57-24,60,62.062,-2.0619999999999976,0,0.0,0
1275,10-57-27,60,62.062,-2.0619999999999976,0,0.0,0
1276,10-57-30,60,62.062,-2.0619999999999976,0,0.0,0
1277,10-57-32,60,62.062,-2.0619999999999976,0,0.0,0
1278,10-57-35,60,62.125,-2.125,0,0.06300000000000239,0
1279,10-57-38,60,62.125,-2.125,0,0.0,0
1280,10-57-40,60,62.125,-2.125,0,0.0,0
1281,10-57-43,60,62.125,-2.125,0,0.0,0
1282,10-57-46,60,62.062,-2.0619999999999976,0,-0.06300000000000239,1
1283,10-57-49,60,62.062,-2.0619999999999976,0,0.0,0
1284,10-57-52,60,62.062,-2.0619999999999976,0,0.0,0
1285,10-57-55,60,62.062,-2.0619999999999976,0,0.0,0
1286,10-57-58,60,62.062,-2.0619999999999976,0,0.0,0
1287,10-58-00,60,62.0,-2.0,0,-0.06199999999999761,1
1288,10-58-03,60,62.0,-2.0,0,0.0,0
1289,10-58-06,60,62.0,-2.0,0,0.0,0
1290,10-58-09,60,62.0,-2.0,0,0.0,0
1291,10-58-12,60,62.062,-2.0619999999999976,0,0.06199999999999761,0
1292,10-58-15,60,62.062,-2.0619999999999976,0,0.0,0
1293,10-58-17,60,62.062,-2.0619999999999976,0,0.0,0
1294,10-58-20,60,62.062,-2.0619999999999976,0,0.0,0
1295,10-58-23,60,62.062,-2.0619999999999976,0,0.0,0
1296,10-58-25,60,62.0,-2.0,0,-0.06199999999999761,1
1297,10-58-29,60,61.937,-1.9369999999999976,0,-0.06300000000000239,1
1298,10-58-31,60,61.875,-1.875,0,-0.06199999999999761,1
1299,10-58-34,60,61.875,-1.875,0,0.0,0
1300,10-58-37,60,61.875,-1.875,0,0.0,0
1301,10-58-40,60,61.937,-1.9369999999999976,0,0.06199999999999761,0
1302,10-58-43,60,61.937,-1.9369999999999976,0,0.0,0
1303,10-58-45,60,62.0,-2.0,0,0.06300000000000239,0
1304,10-58-48,60,62.0,-2.0,0,0.0,0
1305,10-58-51,60,62.0,-2.0,0,0.0,0
1306,10-58-54,60,62.062,-2.0619999999999976,0,0.06199999999999761,0
1307,10-58-56,60,62.062,-2.0619999999999976,0,0.0,0
1308,10-58-59,60,62.062,-2.0619999999999976,0,0.0,0
1309,10-59-02,60,62.0,-2.0,0,-0.06199999999999761,1
1310,10-59-05,60,62.0,-2.0,0,0.0,0
1311,10-59-08,60,61.937,-1.9369999999999976,0,-0.06300000000000239,1
1312,10-59-11,60,61.937,-1.9369999999999976,0,0.0,0
1313,10-59-14,60,61.875,-1.875,0,-0.06199999999999761,1
1314,10-59-17,60,61.875,-1.875,0,0.0,0
1315,10-59-20,60,61.875,-1.875,0,0.0,0
1316,10-59-23,60,61.875,-1.875,0,0.0,0
1317,10-59-25,60,61.875,-1.875,0,0.0,0
1318,10-59-28,60,61.937,-1.9369999999999976,0,0.06199999999999761,0
1319,10-59-31,60,61.937,-1.9369999999999976,0,0.0,0
1320,10-59-34,60,61.937,-1.9369999999999976,0,0.0,0
1321,10-59-36,60,61.875,-1.875,0,-0.06199999999999761,1
1322,10-59-40,60,61.875,-1.875,0,0.0,0
1323,10-59-43,60,61.875,-1.875,0,0.0,0
1324,10-59-45,60,61.875,-1.875,0,0.0,0
1325,10-59-48,60,61.875,-1.875,0,0.0,0
1326,10-59-51,60,61.875,-1.875,0,0.0,0
1327,10-59-53,60,61.875,-1.875,0,0.0,0
1328,10-59-56,60,61.875,-1.875,0,0.0,0
1329,10-59-59,60,61.875,-1.875,0,0.0,0
1330,11-00-02,60,61.875,-1.875,0,0.0,0
1331,11-00-04,60,61.875,-1.875,0,0.0,0
1332,11-00-07,60,61.875,-1.875,0,0.0,0
1333,11-00-10,60,61.875,-1.875,0,0.0,0
1334,11-00-13,60,61.875,-1.875,0,0.0,0
1335,11-00-15,60,61.875,-1.875,0,0.0,0
1336,11-00-18,60,61.812,-1.8119999999999976,0,-0.06300000000000239,1
1337,11-00-21,60,61.812,-1.8119999999999976,0,0.0,0
1338,11-00-24,60,61.75,-1.75,0,-0.06199999999999761,1
1339,11-00-27,60,61.812,-1.8119999999999976,0,0.06199999999999761,0
1340,11-00-30,60,61.812,-1.8119999999999976,0,0.0,0
1341,11-00-33,60,61.812,-1.8119999999999976,0,0.0,0
1342,11-00-36,60,61.812,-1.8119999999999976,0,0.0,0
1343,11-00-38,60,61.812,-1.8119999999999976,0,0.0,0
1344,11-00-41,60,61.812,-1.8119999999999976,0,0.0,0
1345,11-00-44,60,61.812,-1.8119999999999976,0,0.0,0
1346,11-00-47,60,61.875,-1.875,0,0.06300000000000239,0
1347,11-00-49,60,61.812,-1.8119999999999976,0,-0.06300000000000239,1
1348,11-00-52,60,61.812,-1.8119999999999976,0,0.0,0
1349,11-00-55,60,61.812,-1.8119999999999976,0,0.0,0
1350,11-00-58,60,61.812,-1.8119999999999976,0,0.0,0
1351,11-01-01,60,61.75,-1.75,0,-0.06199999999999761,1
1352,11-01-04,60,61.75,-1.75,0,0.0,0
1353,11-01-07,60,61.75,-1.75,0,0.0,0
1354,11-01-10,60,61.812,-1.8119999999999976,0,0.06199999999999761,0
1355,11-01-12,60,61.812,-1.8119999999999976,0,0.0,0
1356,11-01-15,60,61.812,-1.8119999999999976,0,0.0,0
1357,11-01-18,60,61.812,-1.8119999999999976,0,0.0,0
1358,11-01-21,60,61.875,-1.875,0,0.06300000000000239,0
1359,11-01-23,60,61.875,-1.875,0,0.0,0
1360,11-01-26,60,61.875,-1.875,0,0.0,0
1361,11-01-29,60,61.812,-1.8119999999999976,0,-0.06300000000000239,1
1362,11-01-32,60,61.812,-1.8119999999999976,0,0.0,0
1363,11-01-35,60,61.75,-1.75,0,-0.06199999999999761,1
1364,11-01-38,60,61.75,-1.75,0,0.0,0
1365,11-01-41,60,61.75,-1.75,0,0.0,0
1366,11-01-44,60,61.812,-1.8119999999999976,0,0.06199999999999761,0
1367,11-01-46,60,61.812,-1.8119999999999976,0,0.0,0
1368,11-01-49,60,61.812,-1.8119999999999976,0,0.0,0
1369,11-01-52,60,61.812,-1.8119999999999976,0,0.0,0
1370,11-01-55,60,61.875,-1.875,0,0.06300000000000239,0
1371,11-01-57,60,61.875,-1.875,0,0.0,0
1372,11-02-00,60,61.875,-1.875,0,0.0,0
1373,11-02-03,60,61.875,-1.875,0,0.0,0
1374,11-02-05,60,61.875,-1.875,0,0.0,0
1375,11-02-08,60,61.812,-1.8119999999999976,0,-0.06300000000000239,1
1376,11-02-11,60,61.812,-1.8119999999999976,0,0.0,0
1377,11-02-14,60,61.75,-1.75,0,-0.06199999999999761,1
1378,11-02-17,60,61.75,-1.75,0,0.0,0
1379,11-02-20,60,61.75,-1.75,0,0.0,0
1380,11-02-23,60,61.687,-1.6869999999999976,0,-0.06300000000000239,1
1381,11-02-26,60,61.687,-1.6869999999999976,0,0.0,0
1382,11-02-29,60,61.75,-1.75,0,0.06300000000000239,0
1383,11-02-32,60,61.687,-1.6869999999999976,0,-0.06300000000000239,1
1384,11-02-35,60,61.75,-1.75,0,0.06300000000000239,0
1385,11-02-38,60,61.75,-1.75,0,0.0,0
1386,11-02-41,60,61.75,-1.75,0,0.0,0
1387,11-02-44,60,61.75,-1.75,0,0.0,0
1388,11-02-46,60,61.75,-1.75,0,0.0,0
1389,11-02-49,60,61.75,-1.75,0,0.0,0
1390,11-02-52,60,61.75,-1.75,0,0.0,0
1391,11-02-55,60,61.75,-1.75,0,0.0,0
1392,11-02-57,60,61.75,-1.75,0,0.0,0
1393,11-03-00,60,61.812,-1.8119999999999976,0,0.06199999999999761,0
1394,11-03-03,60,61.812,-1.8119999999999976,0,0.0,0
1395,11-03-05,60,61.812,-1.8119999999999976,0,0.0,0
1396,11-03-08,60,61.812,-1.8119999999999976,0,0.0,0
1397,11-03-11,60,61.812,-1.8119999999999976,0,0.0,0
1398,11-03-14,60,61.75,-1.75,0,-0.06199999999999761,1
1399,11-03-17,60,61.75,-1.75,0,0.0,0
1400,11-03-20,60,61.75,-1.75,0,0.0,0
1401,11-03-22,60,61.75,-1.75,0,0.0,0
1402,11-03-25,60,61.75,-1.75,0,0.0,0
1403,11-03-28,60,61.75,-1.75,0,0.0,0
1404,11-03-31,60,61.75,-1.75,0,0.0,0
1405,11-03-33,60,61.75,-1.75,0,0.0,0
1406,11-03-36,60,61.75,-1.75,0,0.0,0
1407,11-03-39,60,61.75,-1.75,0,0.0,0
1408,11-03-42,60,61.687,-1.6869999999999976,0,-0.06300000000000239,1
1409,11-03-45,60,61.687,-1.6869999999999976,0,0.0,0
1410,11-03-48,60,61.625,-1.625,0,-0.06199999999999761,1
1411,11-03-51,60,61.687,-1.6869999999999976,0,0.06199999999999761,0
1412,11-03-54,60,61.687,-1.6869999999999976,0,0.0,0
1413,11-03-56,60,61.687,-1.6869999999999976,0,0.0,0
1414,11-03-59,60,61.687,-1.6869999999999976,0,0.0,0
1415,11-04-02,60,61.687,-1.6869999999999976,0,0.0,0
1416,11-04-05,60,61.687,-1.6869999999999976,0,0.0,0
1417,11-04-07,60,61.687,-1.6869999999999976,0,0.0,0
1418,11-04-10,60,61.687,-1.6869999999999976,0,0.0,0
1419,11-04-13,60,61.687,-1.6869999999999976,0,0.0,0
1420,11-04-16,60,61.687,-1.6869999999999976,0,0.0,0
1421,11-04-18,60,61.687,-1.6869999999999976,0,0.0,0
1422,11-04-21,60,61.625,-1.625,0,-0.06199999999999761,1
1423,11-04-24,60,61.687,-1.6869999999999976,0,0.06199999999999761,0
1424,11-04-27,60,61.625,-1.625,0,-0.06199999999999761,1
1425,11-04-30,60,61.625,-1.625,0,0.0,0
1426,11-04-33,60,61.625,-1.625,0,0.0,0
1427,11-04-36,60,61.625,-1.625,0,0.0,0
1428,11-04-39,60,61.625,-1.625,0,0.0,0
1429,11-04-41,60,61.625,-1.625,0,0.0,0
1430,11-04-44,60,61.625,-1.625,0,0.0,0
1431,11-04-47,60,61.625,-1.625,0,0.0,0
1432,11-04-49,60,61.625,-1.625,0,0.0,0
1433,11-04-52,60,61.687,-1.6869999999999976,0,0.06199999999999761,0
1434,11-04-55,60,61.625,-1.625,0,-0.06199999999999761,1
1435,11-04-58,60,61.625,-1.625,0,0.0,0
1436,11-05-01,60,61.625,-1.625,0,0.0,0
1437,11-05-04,60,61.625,-1.625,0,0.0,0
1438,11-05-06,60,61.625,-1.625,0,0.0,0
1439,11-05-09,60,61.625,-1.625,0,0.0,0
1440,11-05-12,60,61.625,-1.625,0,0.0,0
1441,11-05-15,60,61.625,-1.625,0,0.0,0
1442,11-05-17,60,61.625,-1.625,0,0.0,0
1443,11-05-20,60,61.625,-1.625,0,0.0,0
1444,11-05-23,60,61.625,-1.625,0,0.0,0
1445,11-05-26,60,61.625,-1.625,0,0.0,0
1446,11-05-28,60,61.562,-1.5619999999999976,0,-0.06300000000000239,1
1447,11-05-31,60,61.562,-1.5619999999999976,0,0.0,0
1448,11-05-34,60,61.5,-1.5,0,-0.06199999999999761,1
1449,11-05-38,60,61.5,-1.5,0,0.0,0
1450,11-05-43,60,61.5,-1.5,0,0.0,0
1451,11-05-45,60,61.5,-1.5,0,0.0,0
1452,11-05-48,60,61.5,-1.5,0,0.0,0
1453,11-05-51,60,61.5,-1.5,0,0.0,0
1454,11-05-54,60,61.562,-1.5619999999999976,0,0.06199999999999761,0
1455,11-05-56,60,61.562,-1.5619999999999976,0,0.0,0
1456,11-05-59,60,61.5,-1.5,0,-0.06199999999999761,1
1457,11-06-02,60,61.5,-1.5,0,0.0,0
1458,11-06-05,60,61.437,-1.4369999999999976,0,-0.06300000000000239,1
1459,11-06-08,60,61.437,-1.4369999999999976,0,0.0,0
1460,11-06-11,60,61.437,-1.4369999999999976,0,0.0,0
1461,11-06-14,60,61.375,-1.375,0,-0.06199999999999761,1
1462,11-06-17,60,61.375,-1.375,0,0.0,0
1463,11-06-20,60,61.375,-1.375,0,0.0,0
1464,11-06-23,60,61.437,-1.4369999999999976,0,0.06199999999999761,0
1465,11-06-26,60,61.437,-1.4369999999999976,0,0.0,0
1466,11-06-28,60,61.5,-1.5,0,0.06300000000000239,0
1467,11-06-31,60,61.437,-1.4369999999999976,0,-0.06300000000000239,1
1468,11-06-34,60,61.5,-1.5,0,0.06300000000000239,0
1469,11-06-37,60,61.5,-1.5,0,0.0,0
1470,11-06-40,60,61.562,-1.5619999999999976,0,0.06199999999999761,0
1471,11-06-43,60,61.562,-1.5619999999999976,0,0.0,0
1472,11-06-45,60,61.562,-1.5619999999999976,0,0.0,0
1473,11-06-48,60,61.562,-1.5619999999999976,0,0.0,0
1474,11-06-51,60,61.562,-1.5619999999999976,0,0.0,0
1475,11-06-54,60,61.562,-1.5619999999999976,0,0.0,0
1476,11-06-56,60,61.562,-1.5619999999999976,0,0.0,0
1477,11-06-59,60,61.562,-1.5619999999999976,0,0.0,0
1478,11-07-02,60,61.562,-1.5619999999999976,0,0.0,0
1479,11-07-05,60,61.562,-1.5619999999999976,0,0.0,0
1480,11-07-07,60,61.562,-1.5619999999999976,0,0.0,0
1481,11-07-10,60,61.562,-1.5619999999999976,0,0.0,0
1482,11-07-13,60,61.562,-1.5619999999999976,0,0.0,0
1483,11-07-16,60,61.625,-1.625,0,0.06300000000000239,0
1484,11-07-18,60,61.625,-1.625,0,0.0,0
1485,11-07-21,60,61.562,-1.5619999999999976,0,-0.06300000000000239,1
1486,11-07-24,60,61.562,-1.5619999999999976,0,0.0,0
1487,11-07-27,60,61.562,-1.5619999999999976,0,0.0,0
1488,11-07-30,60,61.562,-1.5619999999999976,0,0.0,0
1489,11-07-32,60,61.5,-1.5,0,-0.06199999999999761,1
1490,11-07-35,60,61.562,-1.5619999999999976,0,0.06199999999999761,0
1491,11-07-39,60,61.5,-1.5,0,-0.06199999999999761,1
1492,11-07-42,60,61.562,-1.5619999999999976,0,0.06199999999999761,0
1493,11-07-45,60,61.5,-1.5,0,-0.06199999999999761,1
1494,11-07-48,60,61.5,-1.5,0,0.0,0
1495,11-07-51,60,61.5,-1.5,0,0.0,0
1496,11-07-54,60,61.5,-1.5,0,0.0,0
1497,11-07-56,60,61.5,-1.5,0,0.0,0
1498,11-07-59,60,61.5,-1.5,0,0.0,0
1499,11-08-02,60,61.437,-1.4369999999999976,0,-0.06300000000000239,1
1500,11-08-05,60,61.437,-1.4369999999999976,0,0.0,0
1501,11-08-08,60,61.437,-1.4369999999999976,0,0.0,0
1502,11-08-11,60,61.437,-1.4369999999999976,0,0.0,0
1503,11-08-13,60,61.437,-1.4369999999999976,0,0.0,0
1504,11-08-16,60,61.437,-1.4369999999999976,0,0.0,0
1505,11-08-19,60,61.437,-1.4369999999999976,0,0.0,0
1506,11-08-22,60,61.5,-1.5,0,0.06300000000000239,0
1507,11-08-24,60,61.5,-1.5,0,0.0,0
1508,11-08-27,60,61.5,-1.5,0,0.0,0
1509,11-08-30,60,61.5,-1.5,0,0.0,0
1510,11-08-32,60,61.562,-1.5619999999999976,0,0.06199999999999761,0
1511,11-08-35,60,61.562,-1.5619999999999976,0,0.0,0
1512,11-08-38,60,61.562,-1.5619999999999976,0,0.0,0
1513,11-08-41,60,61.562,-1.5619999999999976,0,0.0,0
1514,11-08-43,60,61.5,-1.5,0,-0.06199999999999761,1
1515,11-08-46,60,61.5,-1.5,0,0.0,0
1516,11-08-49,60,61.5,-1.5,0,0.0,0
1517,11-08-52,60,61.5,-1.5,0,0.0,0
1518,11-08-55,60,61.5,-1.5,0,0.0,0
1519,11-08-57,60,61.5,-1.5,0,0.0,0
1520,11-09-00,60,61.5,-1.5,0,0.0,0
1521,11-09-03,60,61.5,-1.5,0,0.0,0
1522,11-09-06,60,61.5,-1.5,0,0.0,0
1523,11-09-08,60,61.5,-1.5,0,0.0,0
1524,11-09-11,60,61.5,-1.5,0,0.0,0
1525,11-09-14,60,61.437,-1.4369999999999976,0,-0.06300000000000239,1
1526,11-09-17,60,61.5,-1.5,0,0.06300000000000239,0
1527,11-09-20,60,61.5,-1.5,0,0.0,0
1528,11-09-23,60,61.437,-1.4369999999999976,0,-0.06300000000000239,1
1529,11-09-26,60,61.437,-1.4369999999999976,0,0.0,0
1530,11-09-29,60,61.375,-1.375,0,-0.06199999999999761,1
1531,11-09-32,60,61.375,-1.375,0,0.0,0
1532,11-09-35,60,61.375,-1.375,0,0.0,0
1533,11-09-38,60,61.375,-1.375,0,0.0,0
1534,11-09-40,60,61.375,-1.375,0,0.0,0
1535,11-09-43,60,61.375,-1.375,0,0.0,0
1536,11-09-46,60,61.375,-1.375,0,0.0,0
1537,11-09-49,60,61.375,-1.375,0,0.0,0
1538,11-09-51,60,61.375,-1.375,0,0.0,0
1539,11-09-54,60,61.375,-1.375,0,0.0,0
1540,11-09-57,60,61.375,-1.375,0,0.0,0
1541,11-10-00,60,61.375,-1.375,0,0.0,0
1542,11-10-02,60,61.375,-1.375,0,0.0,0
1543,11-10-05,60,61.375,-1.375,0,0.0,0
1544,11-10-08,60,61.375,-1.375,0,0.0,0
1545,11-10-10,60,61.375,-1.375,0,0.0,0
1546,11-10-13,60,61.312,-1.3119999999999976,0,-0.06300000000000239,1
1547,11-10-16,60,61.312,-1.3119999999999976,0,0.0,0
1548,11-10-19,60,61.312,-1.3119999999999976,0,0.0,0
1549,11-10-22,60,61.312,-1.3119999999999976,0,0.0,0
1550,11-10-25,60,61.25,-1.25,0,-0.06199999999999761,1
1551,11-10-28,60,61.25,-1.25,0,0.0,0
1552,11-10-31,60,61.25,-1.25,0,0.0,0
1553,11-10-34,60,61.25,-1.25,0,0.0,0
1554,11-10-36,60,61.25,-1.25,0,0.0,0
1555,11-10-39,60,61.25,-1.25,0,0.0,0
1556,11-10-42,60,61.25,-1.25,0,0.0,0
1557,11-10-45,60,61.25,-1.25,0,0.0,0
1558,11-10-47,60,61.25,-1.25,0,0.0,0
1559,11-10-50,60,61.25,-1.25,0,0.0,0
1560,11-10-53,60,61.187,-1.1869999999999976,0,-0.06300000000000239,1
1561,11-10-56,60,61.187,-1.1869999999999976,0,0.0,0
1562,11-10-59,60,61.25,-1.25,0,0.06300000000000239,0
1563,11-11-02,60,61.25,-1.25,0,0.0,0
1564,11-11-04,60,61.25,-1.25,0,0.0,0
1565,11-11-07,60,61.25,-1.25,0,0.0,0
1566,11-11-10,60,61.187,-1.1869999999999976,0,-0.06300000000000239,1
1567,11-11-13,60,61.187,-1.1869999999999976,0,0.0,0
1568,11-11-16,60,61.187,-1.1869999999999976,0,0.0,0
1569,11-11-19,60,61.187,-1.1869999999999976,0,0.0,0
1570,11-11-21,60,61.187,-1.1869999999999976,0,0.0,0
1571,11-11-24,60,61.187,-1.1869999999999976,0,0.0,0
1572,11-11-27,60,61.187,-1.1869999999999976,0,0.0,0
1573,11-11-30,60,61.187,-1.1869999999999976,0,0.0,0
1574,11-11-32,60,61.187,-1.1869999999999976,0,0.0,0
1575,11-11-35,60,61.187,-1.1869999999999976,0,0.0,0
1576,11-11-38,60,61.125,-1.125,0,-0.06199999999999761,1
1577,11-11-41,60,61.187,-1.1869999999999976,0,0.06199999999999761,0
1578,11-11-44,60,61.125,-1.125,0,-0.06199999999999761,1
1579,11-11-47,60,61.187,-1.1869999999999976,0,0.06199999999999761,0
1580,11-11-50,60,61.125,-1.125,0,-0.06199999999999761,1
1581,11-11-53,60,61.125,-1.125,0,0.0,0
1582,11-11-56,60,61.062,-1.0619999999999976,0,-0.06300000000000239,1
1583,11-11-59,60,61.062,-1.0619999999999976,0,0.0,0
1584,11-12-02,60,61.062,-1.0619999999999976,0,0.0,0
1585,11-12-05,60,61.125,-1.125,0,0.06300000000000239,0
1586,11-12-08,60,61.187,-1.1869999999999976,0,0.06199999999999761,0
1587,11-12-10,60,61.25,-1.25,0,0.06300000000000239,0
1588,11-12-13,60,61.312,-1.3119999999999976,0,0.06199999999999761,0
1589,11-12-16,60,61.25,-1.25,0,-0.06199999999999761,1
1590,11-12-19,60,61.187,-1.1869999999999976,0,-0.06300000000000239,1
1591,11-12-21,60,61.125,-1.125,0,-0.06199999999999761,1
1592,11-12-24,60,61.125,-1.125,0,0.0,0
1593,11-12-27,60,61.25,-1.25,0,0.125,0
1594,11-12-30,60,61.312,-1.3119999999999976,0,0.06199999999999761,0
1595,11-12-33,60,61.375,-1.375,0,0.06300000000000239,0
1596,11-12-35,60,61.375,-1.375,0,0.0,0
1597,11-12-38,60,61.437,-1.4369999999999976,0,0.06199999999999761,0
1598,11-12-41,60,61.437,-1.4369999999999976,0,0.0,0
1599,11-12-44,60,61.437,-1.4369999999999976,0,0.0,0
1600,11-12-46,60,61.375,-1.375,0,-0.06199999999999761,1
1601,11-12-49,60,61.312,-1.3119999999999976,0,-0.06300000000000239,1
1602,11-12-52,60,61.25,-1.25,0,-0.06199999999999761,1
1603,11-12-55,60,61.187,-1.1869999999999976,0,-0.06300000000000239,1
1604,11-12-58,60,61.187,-1.1869999999999976,0,0.0,0
1605,11-13-01,60,61.187,-1.1869999999999976,0,0.0,0
1606,11-13-04,60,61.187,-1.1869999999999976,0,0.0,0
1607,11-13-06,60,61.25,-1.25,0,0.06300000000000239,0
1608,11-13-09,60,61.312,-1.3119999999999976,0,0.06199999999999761,0
1609,11-13-12,60,61.312,-1.3119999999999976,0,0.0,0
1610,11-13-14,60,61.25,-1.25,0,-0.06199999999999761,1
1611,11-13-18,60,61.25,-1.25,0,0.0,0
1612,11-13-21,60,61.312,-1.3119999999999976,0,0.06199999999999761,0
1613,11-13-23,60,61.375,-1.375,0,0.06300000000000239,0
1614,11-13-26,60,61.375,-1.375,0,0.0,0
1615,11-13-29,60,61.375,-1.375,0,0.0,0
1616,11-13-32,60,61.312,-1.3119999999999976,0,-0.06300000000000239,1
1617,11-13-35,60,61.375,-1.375,0,0.06300000000000239,0
1618,11-13-38,60,61.375,-1.375,0,0.0,0
1619,11-13-40,60,61.375,-1.375,0,0.0,0
1620,11-13-43,60,61.375,-1.375,0,0.0,0
1621,11-13-46,60,61.375,-1.375,0,0.0,0
1622,11-13-49,60,61.312,-1.3119999999999976,0,-0.06300000000000239,1
1623,11-13-52,60,61.25,-1.25,0,-0.06199999999999761,1
1624,11-13-55,60,61.25,-1.25,0,0.0,0
1625,11-13-58,60,61.25,-1.25,0,0.0,0
1626,11-14-00,60,61.25,-1.25,0,0.0,0
1627,11-14-03,60,61.25,-1.25,0,0.0,0
1628,11-14-06,60,61.312,-1.3119999999999976,0,0.06199999999999761,0
1629,11-14-09,60,61.312,-1.3119999999999976,0,0.0,0
1630,11-14-11,60,61.312,-1.3119999999999976,0,0.0,0
1631,11-14-14,60,61.375,-1.375,0,0.06300000000000239,0
1632,11-14-17,60,61.375,-1.375,0,0.0,0
1633,11-14-19,60,61.312,-1.3119999999999976,0,-0.06300000000000239,1
1634,11-14-22,60,61.312,-1.3119999999999976,0,0.0,0
1635,11-14-25,60,61.312,-1.3119999999999976,0,0.0,0
1636,11-14-28,60,61.312,-1.3119999999999976,0,0.0,0
1637,11-14-31,60,61.375,-1.375,0,0.06300000000000239,0
1638,11-14-34,60,61.375,-1.375,0,0.0,0
1639,11-14-36,60,61.375,-1.375,0,0.0,0
1640,11-14-39,60,61.375,-1.375,0,0.0,0
1641,11-14-42,60,61.312,-1.3119999999999976,0,-0.06300000000000239,1
1642,11-14-45,60,61.312,-1.3119999999999976,0,0.0,0
1643,11-14-48,60,61.312,-1.3119999999999976,0,0.0,0
1644,11-14-51,60,61.375,-1.375,0,0.06300000000000239,0
1645,11-14-53,60,61.312,-1.3119999999999976,0,-0.06300000000000239,1
1646,11-14-56,60,61.375,-1.375,0,0.06300000000000239,0
1647,11-14-59,60,61.312,-1.3119999999999976,0,-0.06300000000000239,1
1648,11-15-03,60,61.375,-1.375,0,0.06300000000000239,0
1649,11-15-06,60,61.375,-1.375,0,0.0,0
1650,11-15-08,60,61.375,-1.375,0,0.0,0
1651,11-15-11,60,61.312,-1.3119999999999976,0,-0.06300000000000239,1
1652,11-15-14,60,61.312,-1.3119999999999976,0,0.0,0
1653,11-15-17,60,61.375,-1.375,0,0.06300000000000239,0
1654,11-15-20,60,61.375,-1.375,0,0.0,0
1655,11-15-22,60,61.375,-1.375,0,0.0,0
1656,11-15-25,60,61.375,-1.375,0,0.0,0
1657,11-15-28,60,61.437,-1.4369999999999976,0,0.06199999999999761,0
1658,11-15-31,60,61.562,-1.5619999999999976,0,0.125,0
1659,11-15-33,60,61.687,-1.6869999999999976,0,0.125,0
1660,11-15-36,60,61.625,-1.625,0,-0.06199999999999761,1
1661,11-15-39,60,61.562,-1.5619999999999976,0,-0.06300000000000239,1
1662,11-15-42,60,61.562,-1.5619999999999976,0,0.0,0
1663,11-15-45,60,61.5,-1.5,0,-0.06199999999999761,1
1664,11-15-48,60,61.437,-1.4369999999999976,0,-0.06300000000000239,1
1665,11-15-51,60,61.437,-1.4369999999999976,0,0.0,0
1666,11-15-54,60,61.437,-1.4369999999999976,0,0.0,0
1667,11-15-57,60,61.375,-1.375,0,-0.06199999999999761,1
1668,11-16-00,60,61.375,-1.375,0,0.0,0
1669,11-16-03,60,61.437,-1.4369999999999976,0,0.06199999999999761,0
1670,11-16-06,60,61.5,-1.5,0,0.06300000000000239,0
1671,11-16-08,60,61.562,-1.5619999999999976,0,0.06199999999999761,0
1672,11-16-11,60,61.625,-1.625,0,0.06300000000000239,0
1673,11-16-14,60,61.625,-1.625,0,0.0,0
1674,11-16-17,60,61.562,-1.5619999999999976,0,-0.06300000000000239,1
1675,11-16-20,60,61.75,-1.75,0,0.1880000000000024,0
1676,11-16-23,60,61.875,-1.875,0,0.125,0
1677,11-16-26,60,61.812,-1.8119999999999976,0,-0.06300000000000239,1
1678,11-16-29,60,61.75,-1.75,0,-0.06199999999999761,1
1679,11-16-31,60,61.625,-1.625,0,-0.125,1
1680,11-16-34,60,61.625,-1.625,0,0.0,0
1681,11-16-37,60,61.687,-1.6869999999999976,0,0.06199999999999761,0
1682,11-16-40,60,61.687,-1.6869999999999976,0,0.0,0
1683,11-16-42,60,61.625,-1.625,0,-0.06199999999999761,1
1684,11-16-46,60,61.687,-1.6869999999999976,0,0.06199999999999761,0
1685,11-16-49,60,61.75,-1.75,0,0.06300000000000239,0
1686,11-16-51,60,61.75,-1.75,0,0.0,0
1687,11-16-54,60,61.75,-1.75,0,0.0,0
1688,11-16-57,60,61.687,-1.6869999999999976,0,-0.06300000000000239,1
1689,11-17-00,60,61.812,-1.8119999999999976,0,0.125,0
1690,11-17-03,60,61.875,-1.875,0,0.06300000000000239,0
1691,11-17-06,60,61.937,-1.9369999999999976,0,0.06199999999999761,0
1692,11-17-08,60,62.0,-2.0,0,0.06300000000000239,0
1693,11-17-11,60,61.937,-1.9369999999999976,0,-0.06300000000000239,1
1694,11-17-14,60,61.875,-1.875,0,-0.06199999999999761,1
1695,11-17-17,60,61.812,-1.8119999999999976,0,-0.06300000000000239,1
1696,11-17-20,60,61.812,-1.8119999999999976,0,0.0,0
1697,11-17-23,60,61.812,-1.8119999999999976,0,0.0,0
1698,11-17-25,60,61.812,-1.8119999999999976,0,0.0,0
1699,11-17-28,60,61.875,-1.875,0,0.06300000000000239,0
1700,11-17-31,60,61.875,-1.875,0,0.0,0
1701,11-17-34,60,61.875,-1.875,0,0.0,0
1702,11-17-36,60,61.875,-1.875,0,0.0,0
1703,11-17-39,60,61.875,-1.875,0,0.0,0
1704,11-17-42,60,61.875,-1.875,0,0.0,0
1705,11-17-44,60,61.875,-1.875,0,0.0,0
1706,11-17-47,60,61.937,-1.9369999999999976,0,0.06199999999999761,0
1707,11-17-50,60,61.937,-1.9369999999999976,0,0.0,0
1708,11-17-53,60,62.0,-2.0,0,0.06300000000000239,0
1709,11-17-55,60,62.062,-2.0619999999999976,0,0.06199999999999761,0
1710,11-17-58,60,62.062,-2.0619999999999976,0,0.0,0
1711,11-18-01,60,62.062,-2.0619999999999976,0,0.0,0
1712,11-18-03,60,62.0,-2.0,0,-0.06199999999999761,1
1713,11-18-06,60,61.937,-1.9369999999999976,0,-0.06300000000000239,1
1714,11-18-09,60,61.937,-1.9369999999999976,0,0.0,0
1715,11-18-12,60,61.937,-1.9369999999999976,0,0.0,0
1716,11-18-15,60,61.937,-1.9369999999999976,0,0.0,0
1717,11-18-18,60,62.0,-2.0,0,0.06300000000000239,0
1718,11-18-21,60,62.0,-2.0,0,0.0,0
1719,11-18-23,60,62.0,-2.0,0,0.0,0
1720,11-18-26,60,61.937,-1.9369999999999976,0,-0.06300000000000239,1
1721,11-18-29,60,61.937,-1.9369999999999976,0,0.0,0
1722,11-18-32,60,62.0,-2.0,0,0.06300000000000239,0
1723,11-18-35,60,62.062,-2.0619999999999976,0,0.06199999999999761,0
1724,11-18-38,60,62.125,-2.125,0,0.06300000000000239,0
1725,11-18-40,60,62.187,-2.1869999999999976,0,0.06199999999999761,0
1726,11-18-43,60,62.125,-2.125,0,-0.06199999999999761,1
1727,11-18-46,60,62.125,-2.125,0,0.0,0
1728,11-18-49,60,62.187,-2.1869999999999976,0,0.06199999999999761,0
1729,11-18-52,60,62.187,-2.1869999999999976,0,0.0,0
1730,11-18-55,60,62.187,-2.1869999999999976,0,0.0,0
1731,11-18-58,60,62.187,-2.1869999999999976,0,0.0,0
1732,11-19-00,60,62.125,-2.125,0,-0.06199999999999761,1
1733,11-19-03,60,62.062,-2.0619999999999976,0,-0.06300000000000239,1
1734,11-19-06,60,62.062,-2.0619999999999976,0,0.0,0
1735,11-19-09,60,62.0,-2.0,0,-0.06199999999999761,1
1736,11-19-12,60,62.062,-2.0619999999999976,0,0.06199999999999761,0
1737,11-19-15,60,62.125,-2.125,0,0.06300000000000239,0
1738,11-19-18,60,62.125,-2.125,0,0.0,0
1739,11-19-21,60,62.187,-2.1869999999999976,0,0.06199999999999761,0
1740,11-19-24,60,62.312,-2.3119999999999976,0,0.125,0
1741,11-19-26,60,62.375,-2.375,0,0.06300000000000239,0
1742,11-19-29,60,62.437,-2.4369999999999976,0,0.06199999999999761,0
1743,11-19-32,60,62.375,-2.375,0,-0.06199999999999761,1
