stepcount,actiontime,target_temp,current_temp,Pval,Ival,Dval,outcome,movement
0,11-07-03,65,18.125,46.875,1,0,1,5.34375
1,11-07-04,65,18.125,46.875,1,0,1,5.34375
2,11-07-05,65,18.1875,46.8125,1,0,1,5.340625
3,11-07-06,65,18.125,46.875,1,0,1,5.34375
4,11-07-07,65,18.125,46.875,1,0,1,5.34375
5,11-07-08,65,18.1875,46.8125,1,0,1,5.340625
6,11-07-09,65,18.125,46.875,1,0,1,5.34375
7,11-07-10,65,18.125,46.875,1,0,1,5.34375
8,11-07-11,65,18.125,46.875,1,0,1,5.34375
9,11-07-12,65,18.125,46.875,1,0,1,5.34375
10,11-07-13,65,18.125,46.875,1,0,1,5.34375
11,11-07-14,65,18.125,46.875,1,0,1,5.34375
12,11-07-15,65,18.125,46.875,1,0,1,5.34375
13,11-07-16,65,18.1875,46.8125,1,0,1,5.340625
14,11-07-17,65,18.1875,46.8125,1,0,1,5.340625
15,11-07-18,65,18.125,46.875,1,0,1,5.34375
16,11-07-19,65,18.125,46.875,1,0,1,5.34375
17,11-07-20,65,18.125,46.875,1,0,1,5.34375
18,11-07-21,65,18.125,46.875,1,0,1,5.34375
19,11-07-22,65,18.0625,46.9375,1,0,1,5.346875000000001
20,11-07-23,65,18.125,46.875,1,0,1,5.34375
21,11-07-24,65,18.1875,46.8125,1,0,1,5.340625
22,11-07-25,65,18.125,46.875,1,0,1,5.34375
23,11-07-26,65,18.125,46.875,1,0,1,5.34375
24,11-07-27,65,18.125,46.875,1,0,1,5.34375
25,11-07-28,65,18.125,46.875,1,0,1,5.34375
26,11-07-29,65,18.125,46.875,1,0,1,5.34375
27,11-07-30,65,18.1875,46.8125,1,0,1,5.340625
28,11-07-31,65,18.125,46.875,1,0,1,5.34375
29,11-07-32,65,18.1875,46.8125,1,0,1,5.340625
30,11-07-33,65,18.125,46.875,1,0,1,5.34375
31,11-07-34,65,18.125,46.875,1,0,1,5.34375
32,11-07-35,65,18.0625,46.9375,1,0,1,5.346875000000001
33,11-07-36,65,18.125,46.875,1,0,1,5.34375
34,11-07-37,65,18.125,46.875,1,0,1,5.34375
35,11-07-38,65,18.125,46.875,1,0,1,5.34375
36,11-07-39,65,18.125,46.875,1,0,1,5.34375
37,11-07-40,65,18.125,46.875,1,0,1,5.34375
38,11-07-41,65,18.125,46.875,1,0,1,5.34375
39,11-07-42,65,18.125,46.875,1,0,1,5.34375
40,11-07-43,65,18.125,46.875,1,0,1,5.34375
41,11-07-44,65,18.125,46.875,1,0,1,5.34375
42,11-07-45,65,18.125,46.875,1,0,1,5.34375
43,11-07-46,65,18.125,46.875,1,0,1,5.34375
44,11-07-47,65,18.125,46.875,1,0,1,5.34375
45,11-07-48,65,18.125,46.875,1,0,1,5.34375
46,11-07-49,65,18.125,46.875,1,0,1,5.34375
47,11-07-50,65,18.125,46.875,1,0,1,5.34375
48,11-07-51,65,18.125,46.875,1,0,1,5.34375
49,11-07-52,65,18.125,46.875,1,0,1,5.34375
50,11-07-53,65,18.0625,46.9375,1,0,1,5.346875000000001
51,11-07-54,65,18.125,46.875,1,0,1,5.34375
52,11-07-55,65,18.0625,46.9375,1,0,1,5.346875000000001
53,11-07-56,65,18.0625,46.9375,1,0,1,5.346875000000001
54,11-07-57,65,18.125,46.875,1,0,1,5.34375
55,11-07-58,65,18.125,46.875,1,0,1,5.34375
56,11-07-59,65,18.0625,46.9375,1,0,1,5.346875000000001
57,11-08-00,65,18.125,46.875,1,0,1,5.34375
58,11-08-01,65,18.125,46.875,1,0,1,5.34375
59,11-08-02,65,18.125,46.875,1,0,1,5.34375
60,11-08-03,65,18.125,46.875,1,0,1,5.34375
61,11-08-04,65,18.1875,46.8125,1,0,1,5.340625
62,11-08-05,65,18.1875,46.8125,1,0,1,5.340625
63,11-08-06,65,18.1875,46.8125,1,0,1,5.340625
64,11-08-07,65,18.1875,46.8125,1,0,1,5.340625
65,11-08-08,65,18.25,46.75,1,0,1,5.3375
66,11-08-09,65,18.25,46.75,1,0,1,5.3375
67,11-08-10,65,18.25,46.75,1,0,1,5.3375
68,11-08-11,65,18.25,46.75,1,0,1,5.3375
69,11-08-12,65,18.25,46.75,1,0,1,5.3375
70,11-08-13,65,18.25,46.75,1,0,1,5.3375
71,11-08-14,65,18.3125,46.6875,1,0,1,5.334375
72,11-08-15,65,18.3125,46.6875,1,0,1,5.334375
73,11-08-16,65,18.3125,46.6875,1,0,1,5.334375
74,11-08-17,65,18.3125,46.6875,1,0,1,5.334375
75,11-08-18,65,18.375,46.625,1,0,1,5.331250000000001
76,11-08-19,65,18.4375,46.5625,1,0,1,5.328125
77,11-08-20,65,18.4375,46.5625,1,0,1,5.328125
78,11-08-21,65,18.4375,46.5625,1,0,1,5.328125
79,11-08-22,65,18.5,46.5,1,0,1,5.325
80,11-08-23,65,18.5625,46.4375,1,0,1,5.321875
81,11-08-24,65,18.625,46.375,1,0,1,5.31875
82,11-08-25,65,18.625,46.375,1,0,1,5.31875
83,11-08-26,65,18.6875,46.3125,1,0,1,5.315625000000001
84,11-08-27,65,18.6875,46.3125,1,0,1,5.315625000000001
85,11-08-28,65,18.75,46.25,1,0,1,5.3125
86,11-08-29,65,18.75,46.25,1,0,1,5.3125
87,11-08-30,65,18.8125,46.1875,1,0,1,5.309375
88,11-08-31,65,18.8125,46.1875,1,0,1,5.309375
89,11-08-32,65,18.875,46.125,1,0,1,5.30625
90,11-08-33,65,18.875,46.125,1,0,1,5.30625
91,11-08-34,65,19.0,46.0,1,0,1,5.300000000000001
92,11-08-35,65,19.0625,45.9375,1,0,1,5.296875
93,11-08-36,65,19.125,45.875,1,0,1,5.29375
94,11-08-37,65,19.125,45.875,1,0,1,5.29375
95,11-08-38,65,19.1875,45.8125,1,0,1,5.290625
96,11-08-39,65,19.25,45.75,1,0,1,5.2875
97,11-08-40,65,19.25,45.75,1,0,1,5.2875
98,11-08-41,65,19.25,45.75,1,0,1,5.2875
99,11-08-42,65,19.25,45.75,1,0,1,5.2875
100,11-08-43,65,19.3125,45.6875,1,0,1,5.284375000000001
101,11-08-44,65,19.3125,45.6875,1,0,1,5.284375000000001
102,11-08-45,65,19.375,45.625,1,0,1,5.28125
103,11-08-46,65,19.4375,45.5625,1,0,1,5.278125
104,11-08-47,65,19.4375,45.5625,1,0,1,5.278125
105,11-08-48,65,19.4375,45.5625,1,0,1,5.278125
106,11-08-49,65,19.5,45.5,1,0,1,5.275
107,11-08-50,65,19.5,45.5,1,0,1,5.275
108,11-08-51,65,19.5,45.5,1,0,1,5.275
109,11-08-52,65,19.5625,45.4375,1,0,1,5.271875
110,11-08-53,65,19.5625,45.4375,1,0,1,5.271875
111,11-08-54,65,19.5625,45.4375,1,0,1,5.271875
112,11-08-55,65,19.625,45.375,1,0,1,5.268750000000001
113,11-08-56,65,19.6875,45.3125,1,0,1,5.265625
114,11-08-57,65,19.625,45.375,1,0,1,5.268750000000001
115,11-08-58,65,19.6875,45.3125,1,0,1,5.265625
116,11-08-59,65,19.6875,45.3125,1,0,1,5.265625
117,11-09-00,65,19.6875,45.3125,1,0,1,5.265625
118,11-09-01,65,19.6875,45.3125,1,0,1,5.265625
119,11-09-02,65,19.6875,45.3125,1,0,1,5.265625
120,11-09-03,65,19.8125,45.1875,1,0,1,5.259375
121,11-09-04,65,19.8125,45.1875,1,0,1,5.259375
122,11-09-05,65,19.8125,45.1875,1,0,1,5.259375
123,11-09-06,65,19.8125,45.1875,1,0,1,5.259375
124,11-09-07,65,19.8125,45.1875,1,0,1,5.259375
125,11-09-08,65,19.875,45.125,1,0,1,5.25625
126,11-09-09,65,19.875,45.125,1,0,1,5.25625
127,11-09-10,65,19.875,45.125,1,0,1,5.25625
128,11-09-11,65,19.875,45.125,1,0,1,5.25625
129,11-09-12,65,19.875,45.125,1,0,1,5.25625
130,11-09-13,65,19.9375,45.0625,1,0,1,5.253125000000001
131,11-09-14,65,20.0,45.0,1,0,1,5.25
132,11-09-15,65,20.0,45.0,1,0,1,5.25
133,11-09-16,65,20.0625,44.9375,1,0,1,5.246875
134,11-09-17,65,20.125,44.875,1,0,1,5.24375
135,11-09-18,65,20.1875,44.8125,1,0,1,5.240625
136,11-09-19,65,20.25,44.75,1,0,1,5.237500000000001
137,11-09-20,65,20.25,44.75,1,0,1,5.237500000000001
138,11-09-21,65,20.3125,44.6875,1,0,1,5.234375
139,11-09-22,65,20.4375,44.5625,1,0,1,5.228125
140,11-09-23,65,20.4375,44.5625,1,0,1,5.228125
141,11-09-24,65,20.5,44.5,1,0,1,5.225
142,11-09-25,65,20.5625,44.4375,1,0,1,5.221875000000001
143,11-09-26,65,20.5625,44.4375,1,0,1,5.221875000000001
144,11-09-27,65,20.5625,44.4375,1,0,1,5.221875000000001
145,11-09-28,65,20.625,44.375,1,0,1,5.21875
146,11-09-29,65,20.625,44.375,1,0,1,5.21875
147,11-09-30,65,20.75,44.25,1,0,1,5.2125
148,11-09-31,65,20.75,44.25,1,0,1,5.2125
149,11-09-32,65,20.8125,44.1875,1,0,1,5.209375
150,11-09-33,65,20.875,44.125,1,0,1,5.206250000000001
151,11-09-34,65,21.0,44.0,1,0,1,5.2
152,11-09-35,65,21.0,44.0,1,0,1,5.2
153,11-09-36,65,21.0,44.0,1,0,1,5.2
154,11-09-37,65,21.125,43.875,1,0,1,5.19375
155,11-09-38,65,21.125,43.875,1,0,1,5.19375
156,11-09-39,65,21.1875,43.8125,1,0,1,5.190625000000001
157,11-09-40,65,21.25,43.75,1,0,1,5.1875
158,11-09-41,65,21.25,43.75,1,0,1,5.1875
159,11-09-42,65,21.25,43.75,1,0,1,5.1875
160,11-09-43,65,21.3125,43.6875,1,0,1,5.184375
161,11-09-44,65,21.375,43.625,1,0,1,5.18125
162,11-09-45,65,21.375,43.625,1,0,1,5.18125
163,11-09-46,65,21.375,43.625,1,0,1,5.18125
164,11-09-47,65,21.375,43.625,1,0,1,5.18125
165,11-09-48,65,21.4375,43.5625,1,0,1,5.178125
166,11-09-49,65,21.5,43.5,1,0,1,5.175000000000001
167,11-09-50,65,21.5625,43.4375,1,0,1,5.171875
168,11-09-51,65,21.5,43.5,1,0,1,5.175000000000001
169,11-09-52,65,21.5625,43.4375,1,0,1,5.171875
170,11-09-53,65,21.625,43.375,1,0,1,5.16875
171,11-09-54,65,21.6875,43.3125,1,0,1,5.165625
172,11-09-55,65,21.75,43.25,1,0,1,5.1625
173,11-09-56,65,21.8125,43.1875,1,0,1,5.159375000000001
174,11-09-57,65,21.875,43.125,1,0,1,5.15625
175,11-09-58,65,21.875,43.125,1,0,1,5.15625
176,11-09-59,65,21.9375,43.0625,1,0,1,5.153125
177,11-10-00,65,22.0625,42.9375,1,0,1,5.146875
178,11-10-01,65,22.0625,42.9375,1,0,1,5.146875
179,11-10-02,65,22.125,42.875,1,0,1,5.143750000000001
180,11-10-03,65,22.125,42.875,1,0,1,5.143750000000001
181,11-10-04,65,22.125,42.875,1,0,1,5.143750000000001
182,11-10-05,65,22.1875,42.8125,1,0,1,5.140625
183,11-10-06,65,22.1875,42.8125,1,0,1,5.140625
184,11-10-07,65,22.25,42.75,1,0,1,5.1375
185,11-10-08,65,22.3125,42.6875,1,0,1,5.134375
186,11-10-09,65,22.375,42.625,1,0,1,5.13125
187,11-10-10,65,22.4375,42.5625,1,0,1,5.128125000000001
188,11-10-11,65,22.4375,42.5625,1,0,1,5.128125000000001
189,11-10-12,65,22.5,42.5,1,0,1,5.125
190,11-10-13,65,22.5,42.5,1,0,1,5.125
191,11-10-14,65,22.5625,42.4375,1,0,1,5.121875
192,11-10-15,65,22.625,42.375,1,0,1,5.11875
193,11-10-16,65,22.75,42.25,1,0,1,5.112500000000001
194,11-10-17,65,22.8125,42.1875,1,0,1,5.109375
195,11-10-18,65,22.9375,42.0625,1,0,1,5.103125
196,11-10-19,65,23.125,41.875,1,0,1,5.09375
197,11-10-20,65,23.3125,41.6875,1,0,1,5.084375
198,11-10-21,65,23.375,41.625,1,0,1,5.081250000000001
199,11-10-22,65,23.4375,41.5625,1,0,1,5.078125
200,11-10-23,65,23.4375,41.5625,1,0,1,5.078125
201,11-10-24,65,23.4375,41.5625,1,0,1,5.078125
202,11-10-25,65,23.4375,41.5625,1,0,1,5.078125
203,11-10-26,65,23.4375,41.5625,1,0,1,5.078125
204,11-10-27,65,23.4375,41.5625,1,0,1,5.078125
205,11-10-28,65,23.5,41.5,1,0,1,5.075
206,11-10-29,65,23.5625,41.4375,1,0,1,5.071875
207,11-10-30,65,23.625,41.375,1,0,1,5.06875
208,11-10-31,65,23.5625,41.4375,1,0,1,5.071875
209,11-10-32,65,23.5625,41.4375,1,0,1,5.071875
210,11-10-33,65,23.625,41.375,1,0,1,5.06875
211,11-10-34,65,23.625,41.375,1,0,1,5.06875
212,11-10-35,65,23.6875,41.3125,1,0,1,5.065625000000001
213,11-10-36,65,23.6875,41.3125,1,0,1,5.065625000000001
214,11-10-37,65,23.75,41.25,1,0,1,5.0625
215,11-10-38,65,23.75,41.25,1,0,1,5.0625
216,11-10-39,65,23.75,41.25,1,0,1,5.0625
217,11-10-40,65,23.6875,41.3125,1,0,1,5.065625000000001
218,11-10-41,65,23.8125,41.1875,1,0,1,5.059375
219,11-10-42,65,23.8125,41.1875,1,0,1,5.059375
220,11-10-43,65,23.875,41.125,1,0,1,5.05625
221,11-10-44,65,23.9375,41.0625,1,0,1,5.053125
222,11-10-45,65,23.9375,41.0625,1,0,1,5.053125
223,11-10-46,65,23.9375,41.0625,1,0,1,5.053125
224,11-10-47,65,24.0625,40.9375,1,0,1,5.046875
225,11-10-48,65,24.125,40.875,1,0,1,5.04375
226,11-10-49,65,24.1875,40.8125,1,0,1,5.040625
227,11-10-50,65,24.25,40.75,1,0,1,5.0375
228,11-10-51,65,24.25,40.75,1,0,1,5.0375
229,11-10-52,65,24.25,40.75,1,0,1,5.0375
230,11-10-53,65,24.25,40.75,1,0,1,5.0375
231,11-10-54,65,24.375,40.625,1,0,1,5.03125
232,11-10-55,65,24.4375,40.5625,1,0,1,5.028125
233,11-10-56,65,24.4375,40.5625,1,0,1,5.028125
234,11-10-57,65,24.5,40.5,1,0,1,5.025
235,11-10-58,65,24.625,40.375,1,0,1,5.018750000000001
236,11-10-59,65,24.6875,40.3125,1,0,1,5.015625
237,11-11-00,65,24.75,40.25,1,0,1,5.0125
238,11-11-01,65,24.8125,40.1875,1,0,1,5.009375
239,11-11-02,65,24.8125,40.1875,1,0,1,5.009375
240,11-11-03,65,24.9375,40.0625,1,0,1,5.003125000000001
241,11-11-04,65,25.0,40.0,1,0,1,5.0
242,11-11-05,65,24.9375,40.0625,1,0,1,5.003125000000001
243,11-11-06,65,24.9375,40.0625,1,0,1,5.003125000000001
244,11-11-07,65,25.0,40.0,1,0,1,5.0
245,11-11-08,65,25.125,39.875,1,0,1,4.99375
246,11-11-09,65,25.1875,39.8125,1,0,1,4.990625
247,11-11-10,65,25.25,39.75,1,0,1,4.9875
248,11-11-11,65,25.3125,39.6875,1,0,1,4.984375
249,11-11-12,65,25.375,39.625,1,0,1,4.98125
250,11-11-13,65,25.4375,39.5625,1,0,1,4.978125
251,11-11-14,65,25.4375,39.5625,1,0,1,4.978125
252,11-11-15,65,25.5,39.5,1,0,1,4.975
253,11-11-16,65,25.5625,39.4375,1,0,1,4.971875
254,11-11-17,65,25.625,39.375,1,0,1,4.96875
255,11-11-18,65,25.6875,39.3125,1,0,1,4.965625
256,11-11-19,65,25.75,39.25,1,0,1,4.9625
257,11-11-20,65,25.8125,39.1875,1,0,1,4.959375
258,11-11-21,65,25.8125,39.1875,1,0,1,4.959375
259,11-11-22,65,25.875,39.125,1,0,1,4.95625
260,11-11-23,65,25.9375,39.0625,1,0,1,4.953125
261,11-11-24,65,25.9375,39.0625,1,0,1,4.953125
262,11-11-25,65,26.125,38.875,1,0,1,4.94375
263,11-11-26,65,26.1875,38.8125,1,0,1,4.940625
264,11-11-27,65,26.25,38.75,1,0,1,4.9375
265,11-11-28,65,26.375,38.625,1,0,1,4.93125
266,11-11-29,65,26.5,38.5,1,0,1,4.925
267,11-11-30,65,26.625,38.375,1,0,1,4.91875
268,11-11-31,65,26.75,38.25,1,0,1,4.9125
269,11-11-32,65,26.8125,38.1875,1,0,1,4.909375
270,11-11-33,65,26.9375,38.0625,1,0,1,4.903125
271,11-11-34,65,26.9375,38.0625,1,0,1,4.903125
272,11-11-35,65,27.0,38.0,1,0,1,4.9
273,11-11-36,65,27.0625,37.9375,1,0,1,4.896875
274,11-11-37,65,27.125,37.875,1,0,1,4.89375
275,11-11-38,65,27.1875,37.8125,1,0,1,4.890625
276,11-11-39,65,27.1875,37.8125,1,0,1,4.890625
277,11-11-40,65,27.3125,37.6875,1,0,1,4.884375
278,11-11-41,65,27.375,37.625,1,0,1,4.88125
279,11-11-42,65,27.5,37.5,1,0,1,4.875
280,11-11-43,65,27.625,37.375,1,0,1,4.86875
281,11-11-44,65,27.75,37.25,1,0,1,4.8625
282,11-11-45,65,27.75,37.25,1,0,1,4.8625
283,11-11-46,65,27.875,37.125,1,0,1,4.85625
284,11-11-47,65,28.0,37.0,1,0,1,4.85
285,11-11-48,65,28.125,36.875,1,0,1,4.84375
286,11-11-49,65,28.25,36.75,1,0,1,4.8375
287,11-11-50,65,28.4375,36.5625,1,0,1,4.828125
288,11-11-51,65,28.5,36.5,1,0,1,4.825
289,11-11-52,65,28.625,36.375,1,0,1,4.81875
290,11-11-53,65,28.75,36.25,1,0,1,4.8125
291,11-11-54,65,28.8125,36.1875,1,0,1,4.809375
292,11-11-55,65,28.875,36.125,1,0,1,4.80625
293,11-11-56,65,28.9375,36.0625,1,0,1,4.803125
294,11-11-57,65,28.9375,36.0625,1,0,1,4.803125
295,11-11-58,65,29.0625,35.9375,1,0,1,4.796875
296,11-11-59,65,29.125,35.875,1,0,1,4.79375
297,11-12-00,65,29.0625,35.9375,1,0,1,4.796875
298,11-12-01,65,29.0625,35.9375,1,0,1,4.796875
299,11-12-02,65,28.9375,36.0625,1,0,1,4.803125
300,11-12-03,65,29.0,36.0,1,0,1,4.8
301,11-12-04,65,29.0,36.0,1,0,1,4.8
302,11-12-05,65,29.0625,35.9375,1,0,1,4.796875
303,11-12-06,65,29.125,35.875,1,0,1,4.79375
304,11-12-07,65,29.1875,35.8125,1,0,1,4.790625
305,11-12-08,65,29.1875,35.8125,1,0,1,4.790625
306,11-12-09,65,29.25,35.75,1,0,1,4.7875
307,11-12-10,65,29.25,35.75,1,0,1,4.7875
308,11-12-11,65,29.25,35.75,1,0,1,4.7875
309,11-12-12,65,29.3125,35.6875,1,0,1,4.784375
310,11-12-13,65,29.3125,35.6875,1,0,1,4.784375
311,11-12-14,65,29.3125,35.6875,1,0,1,4.784375
312,11-12-15,65,29.3125,35.6875,1,0,1,4.784375
313,11-12-16,65,29.3125,35.6875,1,0,1,4.784375
314,11-12-17,65,29.375,35.625,1,0,1,4.78125
315,11-12-18,65,29.375,35.625,1,0,1,4.78125
316,11-12-19,65,29.375,35.625,1,0,1,4.78125
317,11-12-20,65,29.375,35.625,1,0,1,4.78125
318,11-12-21,65,29.375,35.625,1,0,1,4.78125
319,11-12-22,65,29.375,35.625,1,0,1,4.78125
320,11-12-23,65,29.4375,35.5625,1,0,1,4.778125
321,11-12-24,65,29.4375,35.5625,1,0,1,4.778125
322,11-12-25,65,29.4375,35.5625,1,0,1,4.778125
323,11-12-26,65,29.5625,35.4375,1,0,1,4.771875
324,11-12-27,65,29.5625,35.4375,1,0,1,4.771875
325,11-12-28,65,29.5625,35.4375,1,0,1,4.771875
326,11-12-29,65,29.5625,35.4375,1,0,1,4.771875
327,11-12-30,65,29.5625,35.4375,1,0,1,4.771875
328,11-12-31,65,29.625,35.375,1,0,1,4.76875
329,11-12-32,65,29.6875,35.3125,1,0,1,4.765625
330,11-12-33,65,29.6875,35.3125,1,0,1,4.765625
331,11-12-34,65,29.75,35.25,1,0,1,4.7625
332,11-12-35,65,29.75,35.25,1,0,1,4.7625
333,11-12-36,65,29.875,35.125,1,0,1,4.75625
334,11-12-37,65,29.875,35.125,1,0,1,4.75625
335,11-12-38,65,29.9375,35.0625,1,0,1,4.753125
336,11-12-39,65,30.0,35.0,1,0,1,4.75
337,11-12-40,65,30.0625,34.9375,1,0,1,4.746875
338,11-12-41,65,30.125,34.875,1,0,1,4.74375
339,11-12-42,65,30.25,34.75,1,0,1,4.7375
340,11-12-43,65,30.3125,34.6875,1,0,1,4.734375
341,11-12-44,65,30.375,34.625,1,0,1,4.73125
342,11-12-45,65,30.375,34.625,1,0,1,4.73125
343,11-12-46,65,30.5,34.5,1,0,1,4.725
344,11-12-47,65,30.5,34.5,1,0,1,4.725
345,11-12-48,65,30.5,34.5,1,0,1,4.725
346,11-12-49,65,30.625,34.375,1,0,1,4.71875
347,11-12-50,65,30.625,34.375,1,0,1,4.71875
348,11-12-51,65,30.6875,34.3125,1,0,1,4.715625
349,11-12-52,65,30.75,34.25,1,0,1,4.7125
350,11-12-53,65,30.75,34.25,1,0,1,4.7125
351,11-12-54,65,30.8125,34.1875,1,0,1,4.709375
352,11-12-55,65,30.8125,34.1875,1,0,1,4.709375
353,11-12-56,65,30.875,34.125,1,0,1,4.70625
354,11-12-57,65,30.9375,34.0625,1,0,1,4.703125
355,11-12-58,65,31.0625,33.9375,1,0,1,4.696875
356,11-12-59,65,31.125,33.875,1,0,1,4.69375
357,11-13-00,65,31.1875,33.8125,1,0,1,4.690625
358,11-13-01,65,31.3125,33.6875,1,0,1,4.684375
359,11-13-02,65,31.4375,33.5625,1,0,1,4.678125
360,11-13-03,65,31.5,33.5,1,0,1,4.675
361,11-13-04,65,31.625,33.375,1,0,1,4.66875
362,11-13-05,65,31.6875,33.3125,1,0,1,4.665625
363,11-13-06,65,31.8125,33.1875,1,0,1,4.659375
364,11-13-07,65,31.875,33.125,1,0,1,4.65625
365,11-13-08,65,31.9375,33.0625,1,0,1,4.653125
366,11-13-09,65,31.9375,33.0625,1,0,1,4.653125
367,11-13-10,65,31.9375,33.0625,1,0,1,4.653125
368,11-13-11,65,31.9375,33.0625,1,0,1,4.653125
369,11-13-12,65,31.9375,33.0625,1,0,1,4.653125
370,11-13-13,65,31.9375,33.0625,1,0,1,4.653125
371,11-13-14,65,32.0,33.0,1,0,1,4.65
372,11-13-15,65,32.0625,32.9375,1,0,1,4.646875
373,11-13-16,65,32.125,32.875,1,0,1,4.64375
374,11-13-17,65,32.1875,32.8125,1,0,1,4.640625
375,11-13-18,65,32.3125,32.6875,1,0,1,4.634375
376,11-13-19,65,32.3125,32.6875,1,0,1,4.634375
377,11-13-20,65,32.3125,32.6875,1,0,1,4.634375
378,11-13-21,65,32.3125,32.6875,1,0,1,4.634375
379,11-13-22,65,32.375,32.625,1,0,1,4.63125
380,11-13-23,65,32.375,32.625,1,0,1,4.63125
381,11-13-24,65,32.4375,32.5625,1,0,1,4.628125
382,11-13-25,65,32.4375,32.5625,1,0,1,4.628125
383,11-13-26,65,32.4375,32.5625,1,0,1,4.628125
384,11-13-27,65,32.5625,32.4375,1,0,1,4.621875
385,11-13-28,65,32.625,32.375,1,0,1,4.61875
386,11-13-29,65,32.8125,32.1875,1,0,1,4.609375
387,11-13-30,65,32.8125,32.1875,1,0,1,4.609375
388,11-13-31,65,32.9375,32.0625,1,0,1,4.603125
389,11-13-32,65,33.0,32.0,1,0,1,4.6
390,11-13-33,65,33.0625,31.9375,1,0,1,4.596875
391,11-13-34,65,33.125,31.875,1,0,1,4.59375
392,11-13-35,65,33.1875,31.8125,1,0,1,4.590625
393,11-13-36,65,33.1875,31.8125,1,0,1,4.590625
394,11-13-37,65,33.25,31.75,1,0,1,4.5875
395,11-13-38,65,33.25,31.75,1,0,1,4.5875
396,11-13-39,65,33.375,31.625,1,0,1,4.58125
397,11-13-40,65,33.5,31.5,1,0,1,4.575
398,11-13-41,65,33.5625,31.4375,1,0,1,4.571875
399,11-13-42,65,33.625,31.375,1,0,1,4.56875
400,11-13-43,65,33.6875,31.3125,1,0,1,4.565625
401,11-13-44,65,33.75,31.25,1,0,1,4.5625
402,11-13-45,65,33.6875,31.3125,1,0,1,4.565625
403,11-13-46,65,33.75,31.25,1,0,1,4.5625
404,11-13-47,65,33.8125,31.1875,1,0,1,4.559375
405,11-13-48,65,33.875,31.125,1,0,1,4.55625
406,11-13-49,65,33.875,31.125,1,0,1,4.55625
407,11-13-50,65,33.9375,31.0625,1,0,1,4.553125
408,11-13-51,65,33.9375,31.0625,1,0,1,4.553125
409,11-13-52,65,34.0,31.0,1,0,1,4.55
410,11-13-53,65,34.0,31.0,1,0,1,4.55
411,11-13-54,65,34.0,31.0,1,0,1,4.55
412,11-13-55,65,34.0,31.0,1,0,1,4.55
413,11-13-56,65,34.0625,30.9375,1,0,1,4.546875
414,11-13-57,65,34.0625,30.9375,1,0,1,4.546875
415,11-13-58,65,34.1875,30.8125,1,0,1,4.540625
416,11-13-59,65,34.3125,30.6875,1,0,1,4.534375
417,11-14-00,65,34.375,30.625,1,0,1,4.53125
418,11-14-01,65,34.4375,30.5625,1,0,1,4.528125
419,11-14-02,65,34.5625,30.4375,1,0,1,4.521875
420,11-14-03,65,34.625,30.375,1,0,1,4.51875
421,11-14-04,65,34.625,30.375,1,0,1,4.51875
422,11-14-05,65,34.6875,30.3125,1,0,1,4.515625
423,11-14-06,65,34.8125,30.1875,1,0,1,4.509375
424,11-14-07,65,34.875,30.125,1,0,1,4.50625
425,11-14-08,65,34.875,30.125,1,0,1,4.50625
426,11-14-09,65,34.875,30.125,1,0,1,4.50625
427,11-14-10,65,34.875,30.125,1,0,1,4.50625
428,11-14-11,65,34.9375,30.0625,1,0,1,4.503125
429,11-14-12,65,34.9375,30.0625,1,0,1,4.503125
430,11-14-13,65,35.0,30.0,1,0,1,4.5
431,11-14-14,65,35.0625,29.9375,1,0,1,4.496875
432,11-14-15,65,35.125,29.875,1,0,1,4.49375
433,11-14-16,65,35.25,29.75,1,0,1,4.4875
434,11-14-17,65,35.25,29.75,1,0,1,4.4875
435,11-14-18,65,35.3125,29.6875,1,0,1,4.484375
436,11-14-19,65,35.3125,29.6875,1,0,1,4.484375
437,11-14-20,65,35.375,29.625,1,0,1,4.48125
438,11-14-21,65,35.4375,29.5625,1,0,1,4.478125
439,11-14-22,65,35.4375,29.5625,1,0,1,4.478125
440,11-14-23,65,35.5,29.5,1,0,1,4.475
441,11-14-24,65,35.5,29.5,1,0,1,4.475
442,11-14-25,65,35.5,29.5,1,0,1,4.475
443,11-14-26,65,35.5625,29.4375,1,0,1,4.471875
444,11-14-27,65,35.625,29.375,1,0,1,4.46875
445,11-14-28,65,35.75,29.25,1,0,1,4.4625
446,11-14-29,65,35.8125,29.1875,1,0,1,4.459375
447,11-14-30,65,35.875,29.125,1,0,1,4.45625
448,11-14-31,65,35.9375,29.0625,1,0,1,4.453125
449,11-14-32,65,36.0625,28.9375,1,0,1,4.446875
450,11-14-33,65,36.0625,28.9375,1,0,1,4.446875
451,11-14-34,65,36.125,28.875,1,0,1,4.44375
452,11-14-35,65,36.1875,28.8125,1,0,1,4.440625
453,11-14-36,65,36.3125,28.6875,1,0,1,4.434375
454,11-14-37,65,36.3125,28.6875,1,0,1,4.434375
455,11-14-38,65,36.4375,28.5625,1,0,1,4.428125
456,11-14-39,65,36.5,28.5,1,0,1,4.425
457,11-14-40,65,36.5625,28.4375,1,0,1,4.421875
458,11-14-41,65,36.625,28.375,1,0,1,4.41875
459,11-14-42,65,36.625,28.375,1,0,1,4.41875
460,11-14-43,65,36.875,28.125,1,0,1,4.40625
461,11-14-44,65,36.9375,28.0625,1,0,1,4.403125
462,11-14-45,65,37.0625,27.9375,1,0,1,4.396875
463,11-14-46,65,37.125,27.875,1,0,1,4.39375
464,11-14-47,65,37.25,27.75,1,0,1,4.3875
465,11-14-48,65,37.375,27.625,1,0,1,4.38125
466,11-14-49,65,37.5,27.5,1,0,1,4.375
467,11-14-50,65,37.6875,27.3125,1,0,1,4.365625
468,11-14-51,65,37.75,27.25,1,0,1,4.3625
469,11-14-52,65,37.75,27.25,1,0,1,4.3625
470,11-14-53,65,37.8125,27.1875,1,0,1,4.359375
471,11-14-54,65,37.8125,27.1875,1,0,1,4.359375
472,11-14-55,65,37.8125,27.1875,1,0,1,4.359375
473,11-14-56,65,37.8125,27.1875,1,0,1,4.359375
474,11-14-57,65,37.875,27.125,1,0,1,4.35625
475,11-14-58,65,38.0,27.0,1,0,1,4.35
476,11-14-59,65,38.1875,26.8125,1,0,1,4.340625
477,11-15-00,65,38.25,26.75,1,0,1,4.3375
478,11-15-01,65,38.3125,26.6875,1,0,1,4.334375
479,11-15-02,65,38.4375,26.5625,1,0,1,4.328125
480,11-15-03,65,38.4375,26.5625,1,0,1,4.328125
481,11-15-04,65,38.375,26.625,1,0,1,4.33125
482,11-15-05,65,38.4375,26.5625,1,0,1,4.328125
483,11-15-06,65,38.4375,26.5625,1,0,1,4.328125
484,11-15-07,65,38.5,26.5,1,0,1,4.325
485,11-15-08,65,38.5,26.5,1,0,1,4.325
486,11-15-09,65,38.5625,26.4375,1,0,1,4.321875
487,11-15-10,65,38.5625,26.4375,1,0,1,4.321875
488,11-15-11,65,38.625,26.375,1,0,1,4.31875
489,11-15-12,65,38.6875,26.3125,1,0,1,4.315625
490,11-15-13,65,38.75,26.25,1,0,1,4.3125
491,11-15-14,65,38.75,26.25,1,0,1,4.3125
492,11-15-15,65,38.75,26.25,1,0,1,4.3125
493,11-15-16,65,38.6875,26.3125,1,0,1,4.315625
494,11-15-17,65,38.75,26.25,1,0,1,4.3125
495,11-15-18,65,38.75,26.25,1,0,1,4.3125
496,11-15-19,65,38.8125,26.1875,1,0,1,4.309375
497,11-15-20,65,38.8125,26.1875,1,0,1,4.309375
498,11-15-21,65,38.8125,26.1875,1,0,1,4.309375
499,11-15-22,65,38.8125,26.1875,1,0,1,4.309375
500,11-15-23,65,38.8125,26.1875,1,0,1,4.309375
501,11-15-24,65,38.875,26.125,1,0,1,4.30625
502,11-15-25,65,38.875,26.125,1,0,1,4.30625
503,11-15-26,65,38.9375,26.0625,1,0,1,4.303125
504,11-15-27,65,38.9375,26.0625,1,0,1,4.303125
505,11-15-28,65,39.0625,25.9375,1,0,1,4.296875
506,11-15-29,65,39.1875,25.8125,1,0,1,4.290625
507,11-15-30,65,39.25,25.75,1,0,1,4.2875
508,11-15-31,65,39.3125,25.6875,1,0,1,4.284375
509,11-15-32,65,39.4375,25.5625,1,0,1,4.278125
510,11-15-33,65,39.4375,25.5625,1,0,1,4.278125
511,11-15-34,65,39.4375,25.5625,1,0,1,4.278125
512,11-15-35,65,39.5,25.5,1,0,1,4.275
513,11-15-36,65,39.5625,25.4375,1,0,1,4.271875
514,11-15-37,65,39.625,25.375,1,0,1,4.26875
515,11-15-38,65,39.75,25.25,1,0,1,4.2625
516,11-15-39,65,39.8125,25.1875,1,0,1,4.259375
517,11-15-40,65,39.875,25.125,1,0,1,4.25625
518,11-15-41,65,40.0625,24.9375,1,0,1,4.246875
519,11-15-42,65,40.1875,24.8125,1,0,1,4.240625
520,11-15-43,65,40.25,24.75,1,0,1,4.2375
521,11-15-44,65,40.375,24.625,1,0,1,4.23125
522,11-15-45,65,40.4375,24.5625,1,0,1,4.228125
523,11-15-46,65,40.5625,24.4375,1,0,1,4.221875
524,11-15-47,65,40.6875,24.3125,1,0,1,4.215625
525,11-15-48,65,40.75,24.25,1,0,1,4.2125
526,11-15-49,65,40.8125,24.1875,1,0,1,4.209375
527,11-15-50,65,40.8125,24.1875,1,0,1,4.209375
528,11-15-51,65,40.8125,24.1875,1,0,1,4.209375
529,11-15-52,65,40.8125,24.1875,1,0,1,4.209375
530,11-15-53,65,40.8125,24.1875,1,0,1,4.209375
531,11-15-54,65,40.8125,24.1875,1,0,1,4.209375
532,11-15-55,65,40.875,24.125,1,0,1,4.20625
533,11-15-56,65,40.875,24.125,1,0,1,4.20625
534,11-15-57,65,40.9375,24.0625,1,0,1,4.203125
535,11-15-58,65,41.0,24.0,1,0,1,4.2
536,11-15-59,65,41.0625,23.9375,1,0,1,4.196875
537,11-16-00,65,41.0625,23.9375,1,0,1,4.196875
538,11-16-01,65,41.0625,23.9375,1,0,1,4.196875
539,11-16-02,65,41.0625,23.9375,1,0,1,4.196875
540,11-16-03,65,41.0625,23.9375,1,0,1,4.196875
541,11-16-04,65,41.0625,23.9375,1,0,1,4.196875
542,11-16-05,65,41.125,23.875,1,0,1,4.19375
543,11-16-06,65,41.1875,23.8125,1,0,1,4.190625
544,11-16-07,65,41.3125,23.6875,1,0,1,4.184375
545,11-16-08,65,41.4375,23.5625,1,0,1,4.178125
546,11-16-09,65,41.5,23.5,1,0,1,4.175
547,11-16-10,65,41.5625,23.4375,1,0,1,4.171875
548,11-16-11,65,41.625,23.375,1,0,1,4.16875
549,11-16-12,65,41.625,23.375,1,0,1,4.16875
550,11-16-13,65,41.625,23.375,1,0,1,4.16875
551,11-16-14,65,41.5625,23.4375,1,0,1,4.171875
552,11-16-15,65,41.625,23.375,1,0,1,4.16875
553,11-16-16,65,41.625,23.375,1,0,1,4.16875
554,11-16-17,65,41.6875,23.3125,1,0,1,4.165625
555,11-16-18,65,41.75,23.25,1,0,1,4.1625
556,11-16-19,65,41.8125,23.1875,1,0,1,4.159375
557,11-16-20,65,41.875,23.125,1,0,1,4.15625
558,11-16-21,65,42.0625,22.9375,1,0,1,4.146875
559,11-16-22,65,42.125,22.875,1,0,1,4.14375
560,11-16-23,65,42.1875,22.8125,1,0,1,4.140625
561,11-16-24,65,42.25,22.75,1,0,1,4.1375
562,11-16-25,65,42.3125,22.6875,1,0,1,4.134375
563,11-16-26,65,42.375,22.625,1,0,1,4.13125
564,11-16-27,65,42.4375,22.5625,1,0,1,4.128125
565,11-16-28,65,42.5,22.5,1,0,1,4.125
566,11-16-29,65,42.5625,22.4375,1,0,1,4.121875
567,11-16-30,65,42.625,22.375,1,0,1,4.11875
568,11-16-31,65,42.625,22.375,1,0,1,4.11875
569,11-16-32,65,42.6875,22.3125,1,0,1,4.115625
570,11-16-33,65,42.6875,22.3125,1,0,1,4.115625
571,11-16-34,65,42.6875,22.3125,1,0,1,4.115625
572,11-16-35,65,42.75,22.25,1,0,1,4.1125
573,11-16-36,65,42.8125,22.1875,1,0,1,4.109375
574,11-16-37,65,42.8125,22.1875,1,0,1,4.109375
575,11-16-38,65,42.8125,22.1875,1,0,1,4.109375
576,11-16-39,65,42.8125,22.1875,1,0,1,4.109375
577,11-16-40,65,42.875,22.125,1,0,1,4.10625
578,11-16-41,65,42.875,22.125,1,0,1,4.10625
579,11-16-42,65,42.9375,22.0625,1,0,1,4.103125
580,11-16-43,65,42.9375,22.0625,1,0,1,4.103125
581,11-16-44,65,43.0,22.0,1,0,1,4.1
582,11-16-45,65,43.0625,21.9375,1,0,1,4.096875
583,11-16-46,65,43.0625,21.9375,1,0,1,4.096875
584,11-16-47,65,43.125,21.875,1,0,1,4.09375
585,11-16-48,65,43.1875,21.8125,1,0,1,4.090625
586,11-16-49,65,43.25,21.75,1,0,1,4.0875
587,11-16-50,65,43.3125,21.6875,1,0,1,4.084375
588,11-16-51,65,43.3125,21.6875,1,0,1,4.084375
589,11-16-52,65,43.375,21.625,1,0,1,4.08125
590,11-16-53,65,43.4375,21.5625,1,0,1,4.078125
591,11-16-54,65,43.5,21.5,1,0,1,4.075
592,11-16-55,65,43.5625,21.4375,1,0,1,4.071875
593,11-16-56,65,43.6875,21.3125,1,0,1,4.065625
594,11-16-57,65,43.8125,21.1875,1,0,1,4.059375
595,11-16-58,65,43.8125,21.1875,1,0,1,4.059375
596,11-16-59,65,43.875,21.125,1,0,1,4.05625
597,11-17-00,65,44.0,21.0,1,0,1,4.05
598,11-17-01,65,44.0625,20.9375,1,0,1,4.046875
599,11-17-02,65,44.25,20.75,1,0,1,4.0375
600,11-17-03,65,44.3125,20.6875,1,0,1,4.034375
601,11-17-04,65,44.3125,20.6875,1,0,1,4.034375
602,11-17-05,65,44.375,20.625,1,0,1,4.03125
603,11-17-06,65,44.5,20.5,1,0,1,4.025
604,11-17-07,65,44.5625,20.4375,1,0,1,4.021875
605,11-17-08,65,44.5625,20.4375,1,0,1,4.021875
606,11-17-09,65,44.6875,20.3125,1,0,1,4.015625
607,11-17-10,65,44.75,20.25,1,0,1,4.0125
608,11-17-11,65,44.8125,20.1875,1,0,1,4.009375
609,11-17-12,65,44.8125,20.1875,1,0,1,4.009375
610,11-17-13,65,44.8125,20.1875,1,0,1,4.009375
611,11-17-14,65,44.8125,20.1875,1,0,1,4.009375
612,11-17-15,65,44.875,20.125,1,0,1,4.00625
613,11-17-16,65,45.0,20.0,1,0,1,4.0
614,11-17-17,65,45.0625,19.9375,1,0,1,3.996875
615,11-17-18,65,45.125,19.875,1,0,1,3.99375
616,11-17-19,65,45.1875,19.8125,1,0,1,3.990625
617,11-17-20,65,45.3125,19.6875,1,0,1,3.984375
618,11-17-21,65,45.3125,19.6875,1,0,1,3.984375
619,11-17-22,65,45.375,19.625,1,0,1,3.98125
620,11-17-23,65,45.375,19.625,1,0,1,3.98125
621,11-17-24,65,45.4375,19.5625,1,0,1,3.978125
622,11-17-25,65,45.5,19.5,1,0,1,3.975
623,11-17-26,65,45.5,19.5,1,0,1,3.975
624,11-17-27,65,45.5,19.5,1,0,1,3.975
625,11-17-28,65,45.5625,19.4375,1,0,1,3.971875
626,11-17-29,65,45.5625,19.4375,1,0,1,3.971875
627,11-17-30,65,45.6875,19.3125,1,0,1,3.965625
628,11-17-31,65,45.75,19.25,1,0,1,3.9625
629,11-17-32,65,45.75,19.25,1,0,1,3.9625
630,11-17-33,65,45.8125,19.1875,1,0,1,3.959375
631,11-17-34,65,45.9375,19.0625,1,0,1,3.953125
632,11-17-35,65,46.0625,18.9375,1,0,1,3.946875
633,11-17-36,65,46.1875,18.8125,1,0,1,3.940625
634,11-17-37,65,46.1875,18.8125,1,0,1,3.940625
635,11-17-38,65,46.1875,18.8125,1,0,1,3.940625
636,11-17-39,65,46.25,18.75,1,0,1,3.9375
637,11-17-40,65,46.25,18.75,1,0,1,3.9375
638,11-17-41,65,46.3125,18.6875,1,0,1,3.934375
639,11-17-42,65,46.3125,18.6875,1,0,1,3.934375
640,11-17-43,65,46.375,18.625,1,0,1,3.93125
641,11-17-44,65,46.375,18.625,1,0,1,3.93125
642,11-17-45,65,46.4375,18.5625,1,0,1,3.928125
643,11-17-46,65,46.5,18.5,1,0,1,3.925
644,11-17-47,65,46.625,18.375,1,0,1,3.91875
645,11-17-48,65,46.625,18.375,1,0,1,3.91875
646,11-17-49,65,46.75,18.25,1,0,1,3.9125
647,11-17-50,65,46.875,18.125,1,0,1,3.90625
648,11-17-51,65,47.0,18.0,1,0,1,3.9
649,11-17-52,65,47.0,18.0,1,0,1,3.9
650,11-17-53,65,47.0625,17.9375,1,0,1,3.896875
651,11-17-54,65,47.1875,17.8125,1,0,1,3.890625
652,11-17-55,65,47.3125,17.6875,1,0,1,3.884375
653,11-17-56,65,47.3125,17.6875,1,0,1,3.884375
654,11-17-57,65,47.375,17.625,1,0,1,3.88125
655,11-17-58,65,47.375,17.625,1,0,1,3.88125
656,11-17-59,65,47.375,17.625,1,0,1,3.88125
657,11-18-00,65,47.4375,17.5625,1,0,1,3.878125
658,11-18-01,65,47.4375,17.5625,1,0,1,3.878125
659,11-18-02,65,47.4375,17.5625,1,0,1,3.878125
660,11-18-03,65,47.5,17.5,1,0,1,3.875
661,11-18-04,65,47.5625,17.4375,1,0,1,3.871875
662,11-18-05,65,47.6875,17.3125,1,0,1,3.865625
663,11-18-06,65,47.75,17.25,1,0,1,3.8625
664,11-18-07,65,47.875,17.125,1,0,1,3.85625
665,11-18-08,65,47.875,17.125,1,0,1,3.85625
666,11-18-09,65,47.9375,17.0625,1,0,1,3.853125
667,11-18-10,65,48.0,17.0,1,0,1,3.85
668,11-18-11,65,48.0625,16.9375,1,0,1,3.846875
669,11-18-12,65,48.125,16.875,1,0,1,3.84375
670,11-18-13,65,48.125,16.875,1,0,1,3.84375
671,11-18-14,65,48.1875,16.8125,1,0,1,3.840625
672,11-18-15,65,48.25,16.75,1,0,1,3.8375
673,11-18-16,65,48.25,16.75,1,0,1,3.8375
674,11-18-17,65,48.25,16.75,1,0,1,3.8375
675,11-18-18,65,48.25,16.75,1,0,1,3.8375
676,11-18-19,65,48.375,16.625,1,0,1,3.83125
677,11-18-20,65,48.4375,16.5625,1,0,1,3.828125
678,11-18-21,65,48.5625,16.4375,1,0,1,3.821875
679,11-18-22,65,48.6875,16.3125,1,0,1,3.815625
680,11-18-23,65,48.75,16.25,1,0,1,3.8125
681,11-18-24,65,48.75,16.25,1,0,1,3.8125
682,11-18-25,65,48.75,16.25,1,0,1,3.8125
683,11-18-26,65,48.75,16.25,1,0,1,3.8125
684,11-18-27,65,48.8125,16.1875,1,0,1,3.809375
685,11-18-28,65,48.8125,16.1875,1,0,1,3.809375
686,11-18-29,65,48.8125,16.1875,1,0,1,3.809375
687,11-18-30,65,48.9375,16.0625,1,0,1,3.803125
688,11-18-31,65,49.0,16.0,1,0,1,3.8
689,11-18-32,65,49.0625,15.9375,1,0,1,3.796875
690,11-18-33,65,49.125,15.875,1,0,1,3.79375
691,11-18-34,65,49.1875,15.8125,1,0,1,3.790625
692,11-18-35,65,49.3125,15.6875,1,0,1,3.784375
693,11-18-36,65,49.375,15.625,1,0,1,3.78125
694,11-18-37,65,49.375,15.625,1,0,1,3.78125
695,11-18-38,65,49.375,15.625,1,0,1,3.78125
696,11-18-39,65,49.375,15.625,1,0,1,3.78125
697,11-18-40,65,49.375,15.625,1,0,1,3.78125
698,11-18-41,65,49.375,15.625,1,0,1,3.78125
699,11-18-42,65,49.375,15.625,1,0,1,3.78125
700,11-18-43,65,49.375,15.625,1,0,1,3.78125
701,11-18-44,65,49.3125,15.6875,1,0,1,3.784375
702,11-18-45,65,49.3125,15.6875,1,0,1,3.784375
703,11-18-46,65,49.3125,15.6875,1,0,1,3.784375
704,11-18-47,65,49.375,15.625,1,0,1,3.78125
705,11-18-48,65,49.375,15.625,1,0,1,3.78125
706,11-18-49,65,49.4375,15.5625,1,0,1,3.778125
707,11-18-50,65,49.5,15.5,1,0,1,3.775
708,11-18-51,65,49.5,15.5,1,0,1,3.775
709,11-18-52,65,49.625,15.375,1,0,1,3.76875
710,11-18-53,65,49.625,15.375,1,0,1,3.76875
711,11-18-54,65,49.6875,15.3125,1,0,1,3.765625
712,11-18-55,65,49.8125,15.1875,1,0,1,3.759375
713,11-18-56,65,49.8125,15.1875,1,0,1,3.759375
714,11-18-57,65,49.875,15.125,1,0,1,3.75625
715,11-18-58,65,49.9375,15.0625,1,0,1,3.753125
716,11-18-59,65,50.0625,14.9375,1,0,1,3.746875
717,11-19-00,65,50.125,14.875,1,0,1,3.74375
718,11-19-01,65,50.3125,14.6875,1,0,1,3.734375
719,11-19-02,65,50.375,14.625,1,0,1,3.73125
720,11-19-03,65,50.4375,14.5625,1,0,1,3.728125
721,11-19-04,65,50.5625,14.4375,1,0,1,3.721875
722,11-19-05,65,50.6875,14.3125,1,0,1,3.715625
723,11-19-06,65,50.6875,14.3125,1,0,1,3.715625
724,11-19-07,65,50.875,14.125,1,0,1,3.70625
725,11-19-08,65,50.9375,14.0625,1,0,1,3.703125
726,11-19-09,65,51.0,14.0,1,0,1,3.7
727,11-19-10,65,51.0625,13.9375,1,0,1,3.696875
728,11-19-11,65,51.0625,13.9375,1,0,1,3.696875
729,11-19-12,65,51.1875,13.8125,1,0,1,3.690625
730,11-19-13,65,51.25,13.75,1,0,1,3.6875
731,11-19-14,65,51.3125,13.6875,1,0,1,3.684375
732,11-19-15,65,51.4375,13.5625,1,0,1,3.678125
733,11-19-16,65,51.4375,13.5625,1,0,1,3.678125
734,11-19-17,65,51.5,13.5,1,0,1,3.675
735,11-19-18,65,51.5,13.5,1,0,1,3.675
736,11-19-19,65,51.5625,13.4375,1,0,1,3.671875
737,11-19-20,65,51.5625,13.4375,1,0,1,3.671875
738,11-19-21,65,51.5,13.5,1,0,1,3.675
739,11-19-22,65,51.5625,13.4375,1,0,1,3.671875
740,11-19-23,65,51.625,13.375,1,0,1,3.66875
741,11-19-24,65,51.75,13.25,1,0,1,3.6625
742,11-19-25,65,51.875,13.125,1,0,1,3.65625
743,11-19-26,65,51.875,13.125,1,0,1,3.65625
744,11-19-27,65,51.875,13.125,1,0,1,3.65625
745,11-19-28,65,51.875,13.125,1,0,1,3.65625
746,11-19-29,65,51.9375,13.0625,1,0,1,3.653125
747,11-19-30,65,52.0,13.0,1,0,1,3.65
748,11-19-31,65,52.0625,12.9375,1,0,1,3.646875
749,11-19-32,65,52.0625,12.9375,1,0,1,3.646875
750,11-19-33,65,52.0625,12.9375,1,0,1,3.646875
751,11-19-34,65,52.0625,12.9375,1,0,1,3.646875
752,11-19-35,65,52.125,12.875,1,0,1,3.64375
753,11-19-36,65,52.0625,12.9375,1,0,1,3.646875
754,11-19-37,65,52.0625,12.9375,1,0,1,3.646875
755,11-19-38,65,52.125,12.875,1,0,1,3.64375
756,11-19-39,65,52.125,12.875,1,0,1,3.64375
757,11-19-40,65,52.125,12.875,1,0,1,3.64375
758,11-19-41,65,52.1875,12.8125,1,0,1,3.640625
759,11-19-42,65,52.25,12.75,1,0,1,3.6375
760,11-19-43,65,52.25,12.75,1,0,1,3.6375
761,11-19-44,65,52.3125,12.6875,1,0,1,3.634375
762,11-19-45,65,52.375,12.625,1,0,1,3.63125
763,11-19-46,65,52.4375,12.5625,1,0,1,3.628125
764,11-19-47,65,52.4375,12.5625,1,0,1,3.628125
765,11-19-48,65,52.4375,12.5625,1,0,1,3.628125
766,11-19-49,65,52.5,12.5,1,0,1,3.625
767,11-19-50,65,52.5,12.5,1,0,1,3.625
768,11-19-51,65,52.5625,12.4375,1,0,1,3.621875
769,11-19-52,65,52.625,12.375,1,0,1,3.61875
770,11-19-53,65,52.6875,12.3125,1,0,1,3.615625
771,11-19-54,65,52.75,12.25,1,0,1,3.6125
772,11-19-55,65,52.875,12.125,1,0,1,3.60625
773,11-19-56,65,52.875,12.125,1,0,1,3.60625
774,11-19-57,65,52.9375,12.0625,1,0,1,3.603125
775,11-19-58,65,53.0625,11.9375,1,0,1,3.596875
776,11-19-59,65,53.125,11.875,1,0,1,3.59375
777,11-20-00,65,53.25,11.75,1,0,1,3.5875
778,11-20-01,65,53.3125,11.6875,1,0,1,3.584375
779,11-20-02,65,53.375,11.625,1,0,1,3.58125
780,11-20-03,65,53.4375,11.5625,1,0,1,3.578125
781,11-20-04,65,53.4375,11.5625,1,0,1,3.578125
782,11-20-05,65,53.5,11.5,1,0,1,3.575
783,11-20-06,65,53.5,11.5,1,0,1,3.575
784,11-20-07,65,53.5625,11.4375,1,0,1,3.571875
785,11-20-08,65,53.625,11.375,1,0,1,3.56875
786,11-20-09,65,53.625,11.375,1,0,1,3.56875
787,11-20-10,65,53.625,11.375,1,0,1,3.56875
788,11-20-11,65,53.6875,11.3125,1,0,1,3.565625
789,11-20-12,65,53.6875,11.3125,1,0,1,3.565625
790,11-20-13,65,53.6875,11.3125,1,0,1,3.565625
791,11-20-14,65,53.75,11.25,1,0,1,3.5625
792,11-20-15,65,53.75,11.25,1,0,1,3.5625
793,11-20-16,65,53.75,11.25,1,0,1,3.5625
794,11-20-17,65,53.8125,11.1875,1,0,1,3.559375
795,11-20-18,65,53.8125,11.1875,1,0,1,3.559375
796,11-20-19,65,53.8125,11.1875,1,0,1,3.559375
797,11-20-20,65,53.875,11.125,1,0,1,3.55625
798,11-20-21,65,53.9375,11.0625,1,0,1,3.553125
799,11-20-22,65,53.9375,11.0625,1,0,1,3.553125
800,11-20-23,65,53.9375,11.0625,1,0,1,3.553125
801,11-20-24,65,54.0,11.0,1,0,1,3.55
802,11-20-25,65,54.0625,10.9375,1,0,1,3.546875
803,11-20-26,65,54.0625,10.9375,1,0,1,3.546875
804,11-20-27,65,54.1875,10.8125,1,0,1,3.540625
805,11-20-28,65,54.25,10.75,1,0,1,3.5375
806,11-20-29,65,54.3125,10.6875,1,0,1,3.534375
807,11-20-30,65,54.3125,10.6875,1,0,1,3.534375
808,11-20-31,65,54.375,10.625,1,0,1,3.53125
809,11-20-32,65,54.4375,10.5625,1,0,1,3.528125
810,11-20-33,65,54.5,10.5,1,0,1,3.525
811,11-20-34,65,54.5625,10.4375,1,0,1,3.521875
812,11-20-35,65,54.625,10.375,1,0,1,3.51875
813,11-20-36,65,54.625,10.375,1,0,1,3.51875
814,11-20-37,65,54.6875,10.3125,1,0,1,3.515625
815,11-20-38,65,54.75,10.25,1,0,1,3.5125
816,11-20-39,65,54.75,10.25,1,0,1,3.5125
817,11-20-40,65,54.875,10.125,1,0,1,3.50625
818,11-20-41,65,54.875,10.125,1,0,1,3.50625
819,11-20-42,65,54.9375,10.0625,1,0,1,3.503125
820,11-20-43,65,55.0,10.0,1,0,1,3.5
821,11-20-44,65,55.0,10.0,1,0,1,3.5
822,11-20-45,65,55.0625,9.9375,1,0,1,3.496875
823,11-20-46,65,55.125,9.875,1,0,1,3.49375
824,11-20-47,65,55.125,9.875,1,0,1,3.49375
825,11-20-48,65,55.1875,9.8125,1,0,1,3.490625
826,11-20-49,65,55.25,9.75,1,0,1,3.4875
827,11-20-50,65,55.3125,9.6875,1,0,1,3.484375
828,11-20-51,65,55.375,9.625,1,0,1,3.48125
829,11-20-52,65,55.5,9.5,1,0,1,3.475
830,11-20-53,65,55.5625,9.4375,1,0,1,3.471875
831,11-20-54,65,55.6875,9.3125,1,0,1,3.465625
832,11-20-55,65,55.75,9.25,1,0,1,3.4625
833,11-20-56,65,55.875,9.125,1,0,1,3.45625
834,11-20-57,65,56.0,9.0,1,0,1,3.45
835,11-20-58,65,56.0625,8.9375,1,0,1,3.446875
836,11-20-59,65,56.125,8.875,1,0,1,3.44375
837,11-21-00,65,56.1875,8.8125,1,0,1,3.440625
838,11-21-01,65,56.25,8.75,1,0,1,3.4375
839,11-21-02,65,56.3125,8.6875,1,0,1,3.434375
840,11-21-03,65,56.375,8.625,1,0,1,3.43125
841,11-21-04,65,56.4375,8.5625,1,0,1,3.428125
842,11-21-05,65,56.5,8.5,1,0,1,3.425
843,11-21-06,65,56.5,8.5,1,0,1,3.425
844,11-21-07,65,56.5625,8.4375,1,0,1,3.421875
845,11-21-08,65,56.625,8.375,1,0,1,3.41875
846,11-21-09,65,56.75,8.25,1,0,1,3.4125
847,11-21-10,65,56.75,8.25,1,0,1,3.4125
848,11-21-11,65,56.8125,8.1875,1,0,1,3.409375
849,11-21-12,65,56.875,8.125,1,0,1,3.40625
850,11-21-13,65,56.9375,8.0625,1,0,1,3.403125
851,11-21-14,65,57.0,8.0,1,0,1,3.4
852,11-21-15,65,57.125,7.875,1,0,1,3.39375
853,11-21-16,65,57.1875,7.8125,1,0,1,3.390625
854,11-21-17,65,57.25,7.75,1,0,1,3.3875
855,11-21-18,65,57.3125,7.6875,1,0,1,3.384375
856,11-21-19,65,57.3125,7.6875,1,0,1,3.384375
857,11-21-20,65,57.4375,7.5625,1,0,1,3.378125
858,11-21-21,65,57.5625,7.4375,1,0,1,3.371875
859,11-21-22,65,57.5625,7.4375,1,0,1,3.371875
860,11-21-23,65,57.625,7.375,1,0,1,3.36875
861,11-21-24,65,57.5625,7.4375,1,0,1,3.371875
862,11-21-25,65,57.5625,7.4375,1,0,1,3.371875
863,11-21-26,65,57.5625,7.4375,1,0,1,3.371875
864,11-21-27,65,57.625,7.375,1,0,1,3.36875
865,11-21-28,65,57.6875,7.3125,1,0,1,3.365625
866,11-21-29,65,57.75,7.25,1,0,1,3.3625
867,11-21-30,65,57.8125,7.1875,1,0,1,3.359375
868,11-21-31,65,57.8125,7.1875,1,0,1,3.359375
869,11-21-32,65,57.875,7.125,1,0,1,3.35625
870,11-21-33,65,58.0,7.0,1,0,1,3.35
871,11-21-34,65,58.0625,6.9375,1,0,1,3.346875
872,11-21-35,65,58.125,6.875,1,0,1,3.34375
873,11-21-36,65,58.125,6.875,1,0,1,3.34375
874,11-21-37,65,58.1875,6.8125,1,0,1,3.340625
875,11-21-38,65,58.1875,6.8125,1,0,1,3.340625
876,11-21-39,65,58.1875,6.8125,1,0,1,3.340625
877,11-21-40,65,58.25,6.75,1,0,1,3.3375
878,11-21-41,65,58.25,6.75,1,0,1,3.3375
879,11-21-42,65,58.3125,6.6875,1,0,1,3.334375
880,11-21-43,65,58.3125,6.6875,1,0,1,3.334375
881,11-21-44,65,58.3125,6.6875,1,0,1,3.334375
882,11-21-45,65,58.375,6.625,1,0,1,3.33125
883,11-21-46,65,58.375,6.625,1,0,1,3.33125
884,11-21-47,65,58.375,6.625,1,0,1,3.33125
885,11-21-48,65,58.4375,6.5625,1,0,1,3.328125
886,11-21-49,65,58.5,6.5,1,0,1,3.325
887,11-21-50,65,58.5,6.5,1,0,1,3.325
888,11-21-51,65,58.5625,6.4375,1,0,1,3.321875
889,11-21-52,65,58.5625,6.4375,1,0,1,3.321875
890,11-21-53,65,58.625,6.375,1,0,1,3.31875
891,11-21-54,65,58.6875,6.3125,1,0,1,3.315625
892,11-21-55,65,58.75,6.25,1,0,1,3.3125
893,11-21-56,65,58.8125,6.1875,1,0,1,3.309375
894,11-21-57,65,58.8125,6.1875,1,0,1,3.309375
895,11-21-58,65,58.8125,6.1875,1,0,1,3.309375
896,11-21-59,65,58.8125,6.1875,1,0,1,3.309375
897,11-22-00,65,58.875,6.125,1,0,1,3.30625
898,11-22-01,65,59.0,6.0,1,0,1,3.3
899,11-22-02,65,59.0,6.0,1,0,1,3.3
900,11-22-03,65,59.125,5.875,1,0,1,3.29375
901,11-22-04,65,59.1875,5.8125,1,0,1,3.290625
902,11-22-05,65,59.1875,5.8125,1,0,1,3.290625
903,11-22-06,65,59.25,5.75,1,0,1,3.2875
904,11-22-07,65,59.3125,5.6875,1,0,1,3.284375
905,11-22-08,65,59.3125,5.6875,1,0,1,3.284375
906,11-22-09,65,59.3125,5.6875,1,0,1,3.284375
907,11-22-10,65,59.375,5.625,1,0,1,3.28125
908,11-22-11,65,59.3125,5.6875,1,0,1,3.284375
909,11-22-12,65,59.375,5.625,1,0,1,3.28125
910,11-22-13,65,59.4375,5.5625,1,0,1,3.278125
911,11-22-14,65,59.4375,5.5625,1,0,1,3.278125
912,11-22-15,65,59.4375,5.5625,1,0,1,3.278125
913,11-22-16,65,59.4375,5.5625,1,0,1,3.278125
914,11-22-17,65,59.5,5.5,1,0,1,3.275
915,11-22-18,65,59.5625,5.4375,1,0,1,3.271875
916,11-22-19,65,59.625,5.375,1,0,1,3.26875
917,11-22-20,65,59.625,5.375,1,0,1,3.26875
918,11-22-21,65,59.6875,5.3125,1,0,1,3.265625
919,11-22-22,65,59.75,5.25,1,0,1,3.2625
920,11-22-23,65,59.8125,5.1875,1,0,1,3.259375
921,11-22-24,65,59.8125,5.1875,1,0,1,3.259375
922,11-22-25,65,59.875,5.125,1,0,1,3.25625
923,11-22-26,65,59.9375,5.0625,1,0,1,3.253125
924,11-22-27,65,60.0,5.0,1,0,1,3.25
925,11-22-28,65,60.0625,4.9375,1,0,1,3.246875
926,11-22-29,65,60.125,4.875,1,0,1,3.24375
927,11-22-30,65,60.1875,4.8125,1,0,1,3.240625
928,11-22-31,65,60.25,4.75,1,0,1,3.2375
929,11-22-32,65,60.375,4.625,1,0,1,3.23125
930,11-22-33,65,60.4375,4.5625,1,0,1,3.228125
931,11-22-34,65,60.4375,4.5625,1,0,1,3.228125
932,11-22-35,65,60.4375,4.5625,1,0,1,3.228125
933,11-22-36,65,60.5,4.5,1,0,1,3.225
934,11-22-37,65,60.5625,4.4375,1,0,1,3.221875
935,11-22-38,65,60.625,4.375,1,0,1,3.21875
936,11-22-39,65,60.625,4.375,1,0,1,3.21875
937,11-22-40,65,60.625,4.375,1,0,1,3.21875
938,11-22-41,65,60.6875,4.3125,1,0,1,3.215625
939,11-22-42,65,60.75,4.25,1,0,1,3.2125
940,11-22-43,65,60.75,4.25,1,0,1,3.2125
941,11-22-44,65,60.8125,4.1875,1,0,1,3.209375
942,11-22-45,65,60.8125,4.1875,1,0,1,3.209375
943,11-22-46,65,60.8125,4.1875,1,0,1,3.209375
944,11-22-47,65,60.875,4.125,1,0,1,3.20625
945,11-22-48,65,60.9375,4.0625,1,0,1,3.203125
946,11-22-49,65,60.9375,4.0625,1,0,1,3.203125
947,11-22-50,65,61.0,4.0,1,0,1,3.2
948,11-22-51,65,61.0625,3.9375,1,0,1,3.196875
949,11-22-52,65,61.0625,3.9375,1,0,1,3.196875
950,11-22-53,65,61.1875,3.8125,1,0,1,3.190625
951,11-22-54,65,61.1875,3.8125,1,0,1,3.190625
952,11-22-55,65,61.375,3.625,1,0,1,3.18125
953,11-22-56,65,61.625,3.375,1,0,1,3.16875
954,11-22-57,65,61.8125,3.1875,1,0,1,3.159375
955,11-22-58,65,61.9375,3.0625,1,0,1,3.153125
956,11-22-59,65,62.0625,2.9375,1,0,1,3.146875
957,11-23-00,65,62.125,2.875,1,0,1,3.14375
958,11-23-01,65,62.125,2.875,1,0,1,3.14375
959,11-23-02,65,62.125,2.875,1,0,1,3.14375
960,11-23-03,65,62.0625,2.9375,1,0,1,3.146875
961,11-23-04,65,62.0,3.0,1,0,1,3.15
962,11-23-05,65,62.0,3.0,1,0,1,3.15
963,11-23-06,65,62.0625,2.9375,1,0,1,3.146875
964,11-23-07,65,62.125,2.875,1,0,1,3.14375
965,11-23-08,65,62.125,2.875,1,0,1,3.14375
966,11-23-09,65,62.25,2.75,1,0,1,3.1375
967,11-23-10,65,62.3125,2.6875,1,0,1,3.134375
968,11-23-11,65,62.3125,2.6875,1,0,1,3.134375
969,11-23-12,65,62.4375,2.5625,1,0,1,3.128125
970,11-23-13,65,62.5,2.5,1,0,1,3.125
971,11-23-14,65,62.625,2.375,1,0,1,3.11875
972,11-23-15,65,62.6875,2.3125,1,0,1,3.115625
973,11-23-16,65,62.6875,2.3125,1,0,1,3.115625
974,11-23-17,65,62.6875,2.3125,1,0,1,3.115625
975,11-23-18,65,62.6875,2.3125,1,0,1,3.115625
976,11-23-19,65,62.6875,2.3125,1,0,1,3.115625
977,11-23-20,65,62.625,2.375,1,0,1,3.11875
978,11-23-21,65,62.625,2.375,1,0,1,3.11875
979,11-23-22,65,62.625,2.375,1,0,1,3.11875
980,11-23-23,65,62.5625,2.4375,1,0,1,3.121875
981,11-23-24,65,62.5625,2.4375,1,0,1,3.121875
982,11-23-25,65,62.5625,2.4375,1,0,1,3.121875
983,11-23-26,65,62.5625,2.4375,1,0,1,3.121875
984,11-23-27,65,62.5625,2.4375,1,0,1,3.121875
985,11-23-28,65,62.625,2.375,1,0,1,3.11875
986,11-23-29,65,62.6875,2.3125,1,0,1,3.115625
987,11-23-30,65,62.6875,2.3125,1,0,1,3.115625
988,11-23-31,65,62.6875,2.3125,1,0,1,3.115625
989,11-23-32,65,62.6875,2.3125,1,0,1,3.115625
990,11-23-33,65,62.75,2.25,1,0,1,3.1125
991,11-23-34,65,62.875,2.125,1,0,1,3.10625
992,11-23-35,65,62.875,2.125,1,0,1,3.10625
993,11-23-36,65,62.875,2.125,1,0,1,3.10625
994,11-23-37,65,62.9375,2.0625,1,0,1,3.103125
995,11-23-38,65,63.0,2.0,1,0,1,3.1
996,11-23-39,65,63.0,2.0,1,0,1,3.1
997,11-23-40,65,63.0,2.0,1,0,1,3.1
998,11-23-41,65,63.0625,1.9375,1,0,1,3.096875
999,11-23-42,65,63.125,1.875,1,0,1,3.09375
1000,11-23-43,65,63.1875,1.8125,1,0,1,3.090625
1001,11-23-44,65,63.25,1.75,1,0,1,3.0875
1002,11-23-45,65,63.3125,1.6875,1,0,1,3.084375
1003,11-23-46,65,63.4375,1.5625,1,0,1,3.078125
1004,11-23-47,65,63.5625,1.4375,1,0,1,3.071875
1005,11-23-48,65,63.6875,1.3125,1,0,1,3.065625
1006,11-23-49,65,63.8125,1.1875,1,0,1,3.059375
1007,11-23-50,65,63.875,1.125,1,0,1,3.05625
1008,11-23-51,65,64.0,1.0,1,0,1,3.05
1009,11-23-52,65,64.0,1.0,1,0,1,3.05
1010,11-23-53,65,64.125,0.875,1,0,1,3.04375
1011,11-23-54,65,64.1875,0.8125,1,0,1,3.040625
1012,11-23-55,65,64.1875,0.8125,1,0,1,3.040625
1013,11-23-56,65,64.3125,0.6875,1,0,1,3.034375
1014,11-23-57,65,64.375,0.625,1,0,1,3.03125
1015,11-23-58,65,64.4375,0.5625,1,0,1,3.028125
1016,11-23-59,65,64.5,0.5,1,0,1,3.025
1017,11-24-00,65,64.5625,0.4375,1,0,1,3.021875
1018,11-24-01,65,64.5625,0.4375,1,0,1,3.021875
1019,11-24-02,65,64.5625,0.4375,1,0,1,3.021875
1020,11-24-03,65,64.625,0.375,1,0,1,3.01875
1021,11-24-04,65,64.625,0.375,1,0,1,3.01875
1022,11-24-05,65,64.625,0.375,1,0,1,3.01875
1023,11-24-06,65,64.75,0.25,1,0,1,3.0125
1024,11-24-07,65,64.8125,0.1875,1,0,1,3.009375
1025,11-24-08,65,64.875,0.125,1,0,1,3.00625
1026,11-24-09,65,64.875,0.125,1,0,1,3.00625
1027,11-24-10,65,64.875,0.125,1,0,1,3.00625
1028,11-24-11,65,64.875,0.125,1,0,1,3.00625
1029,11-24-12,65,64.875,0.125,1,0,1,3.00625
1030,11-24-13,65,65.0,0.0,1.0,0,1,3.0
1031,11-24-14,65,65.0,0.0,1.0,0,1,3.0
1032,11-24-15,65,65.0,0.0,1.0,0,1,3.0
1033,11-24-16,65,65.0,0.0,1.0,0,1,3.0
1034,11-24-17,65,65.0625,-0.0625,0.9375,0,1,2.809375
1035,11-24-18,65,65.125,-0.125,0.8125,0,1,2.43125
1036,11-24-19,65,65.125,-0.125,0.6875,0,1,2.05625
1037,11-24-20,65,65.1875,-0.1875,0.5,0,1,1.490625
1038,11-24-21,65,65.1875,-0.1875,0.3125,0,0.9,0.928125
1039,11-24-22,65,65.25,-0.25,0.0625,0,0.2,0.175
1040,11-24-23,65,65.3125,-0.3125,0,0,0,-0.015625
1041,11-24-24,65,65.375,-0.375,0,0,0,-0.018750000000000003
1042,11-24-25,65,65.375,-0.375,0,0,0,-0.018750000000000003
1043,11-24-26,65,65.375,-0.375,0,0,0,-0.018750000000000003
1044,11-24-27,65,65.5,-0.5,0,0,0,-0.025
1045,11-24-28,65,65.5625,-0.5625,0,0,0,-0.028125
1046,11-24-29,65,65.625,-0.625,0,0,0,-0.03125
1047,11-24-30,65,65.6875,-0.6875,0,0,0,-0.034375
1048,11-24-31,65,65.6875,-0.6875,0,0,0,-0.034375
1049,11-24-32,65,65.6875,-0.6875,0,0,0,-0.034375
1050,11-24-33,65,65.75,-0.75,0,0,0,-0.037500000000000006
1051,11-24-34,65,65.875,-0.875,0,0,0,-0.043750000000000004
1052,11-24-35,65,65.875,-0.875,0,0,0,-0.043750000000000004
1053,11-24-36,65,65.9375,-0.9375,0,0,0,-0.046875
1054,11-24-37,65,65.9375,-0.9375,0,0,0,-0.046875
1055,11-24-38,65,65.9375,-0.9375,0,0,0,-0.046875
1056,11-24-39,65,65.9375,-0.9375,0,0,0,-0.046875
1057,11-24-40,65,65.9375,-0.9375,0,0,0,-0.046875
1058,11-24-41,65,65.9375,-0.9375,0,0,0,-0.046875
1059,11-24-42,65,66.0,-1.0,0,0,0,-0.05
1060,11-24-43,65,66.0,-1.0,0,0,0,-0.05
1061,11-24-44,65,66.0,-1.0,0,0,0,-0.05
1062,11-24-45,65,66.0,-1.0,0,0,0,-0.05
1063,11-24-46,65,66.0,-1.0,0,0,0,-0.05
1064,11-24-47,65,66.0625,-1.0625,0,0,0,-0.053125000000000006
1065,11-24-48,65,66.0,-1.0,0,0,0,-0.05
1066,11-24-49,65,66.0625,-1.0625,0,0,0,-0.053125000000000006
1067,11-24-50,65,66.125,-1.125,0,0,0,-0.05625
1068,11-24-51,65,66.1875,-1.1875,0,0,0,-0.059375000000000004
1069,11-24-52,65,66.25,-1.25,0,0,0,-0.0625
1070,11-24-53,65,66.25,-1.25,0,0,0,-0.0625
1071,11-24-54,65,66.375,-1.375,0,0,0,-0.06875
1072,11-24-55,65,66.375,-1.375,0,0,0,-0.06875
1073,11-24-56,65,66.4375,-1.4375,0,0,0,-0.07187500000000001
1074,11-24-57,65,66.4375,-1.4375,0,0,0,-0.07187500000000001
1075,11-24-58,65,66.5,-1.5,0,0,0,-0.07500000000000001
1076,11-24-59,65,66.5,-1.5,0,0,0,-0.07500000000000001
1077,11-25-00,65,66.5625,-1.5625,0,0,0,-0.078125
1078,11-25-01,65,66.5625,-1.5625,0,0,0,-0.078125
1079,11-25-02,65,66.625,-1.625,0,0,0,-0.08125
1080,11-25-03,65,66.625,-1.625,0,0,0,-0.08125
1081,11-25-04,65,66.625,-1.625,0,0,0,-0.08125
1082,11-25-05,65,66.6875,-1.6875,0,0,0,-0.084375
1083,11-25-06,65,66.6875,-1.6875,0,0,0,-0.084375
1084,11-25-07,65,66.6875,-1.6875,0,0,0,-0.084375
1085,11-25-08,65,66.6875,-1.6875,0,0,0,-0.084375
1086,11-25-09,65,66.6875,-1.6875,0,0,0,-0.084375
1087,11-25-10,65,66.6875,-1.6875,0,0,0,-0.084375
1088,11-25-11,65,66.75,-1.75,0,0,0,-0.08750000000000001
1089,11-25-12,65,66.75,-1.75,0,0,0,-0.08750000000000001
1090,11-25-13,65,66.75,-1.75,0,0,0,-0.08750000000000001
1091,11-25-14,65,66.8125,-1.8125,0,0,0,-0.09062500000000001
1092,11-25-15,65,66.8125,-1.8125,0,0,0,-0.09062500000000001
1093,11-25-16,65,66.875,-1.875,0,0,0,-0.09375
1094,11-25-17,65,66.875,-1.875,0,0,0,-0.09375
1095,11-25-18,65,66.875,-1.875,0,0,0,-0.09375
1096,11-25-19,65,66.875,-1.875,0,0,0,-0.09375
1097,11-25-20,65,66.875,-1.875,0,0,0,-0.09375
1098,11-25-21,65,66.875,-1.875,0,0,0,-0.09375
1099,11-25-22,65,66.875,-1.875,0,0,0,-0.09375
1100,11-25-23,65,66.875,-1.875,0,0,0,-0.09375
1101,11-25-24,65,66.875,-1.875,0,0,0,-0.09375
1102,11-25-25,65,66.9375,-1.9375,0,0,0,-0.096875
1103,11-25-26,65,66.9375,-1.9375,0,0,0,-0.096875
1104,11-25-27,65,66.9375,-1.9375,0,0,0,-0.096875
1105,11-25-28,65,67.0,-2.0,0,0,0,-0.1
1106,11-25-29,65,67.0,-2.0,0,0,0,-0.1
1107,11-25-30,65,67.0625,-2.0625,0,0,0,-0.10312500000000001
1108,11-25-31,65,67.0625,-2.0625,0,0,0,-0.10312500000000001
1109,11-25-32,65,67.125,-2.125,0,0,0,-0.10625000000000001
1110,11-25-33,65,67.1875,-2.1875,0,0,0,-0.109375
1111,11-25-34,65,67.1875,-2.1875,0,0,0,-0.109375
1112,11-25-35,65,67.25,-2.25,0,0,0,-0.1125
1113,11-25-36,65,67.25,-2.25,0,0,0,-0.1125
1114,11-25-37,65,67.3125,-2.3125,0,0,0,-0.115625
1115,11-25-38,65,67.375,-2.375,0,0,0,-0.11875000000000001
1116,11-25-39,65,67.375,-2.375,0,0,0,-0.11875000000000001
1117,11-25-40,65,67.375,-2.375,0,0,0,-0.11875000000000001
1118,11-25-41,65,67.375,-2.375,0,0,0,-0.11875000000000001
1119,11-25-42,65,67.375,-2.375,0,0,0,-0.11875000000000001
1120,11-25-43,65,67.375,-2.375,0,0,0,-0.11875000000000001
1121,11-25-44,65,67.375,-2.375,0,0,0,-0.11875000000000001
1122,11-25-45,65,67.4375,-2.4375,0,0,0,-0.12187500000000001
1123,11-25-46,65,67.4375,-2.4375,0,0,0,-0.12187500000000001
1124,11-25-47,65,67.5,-2.5,0,0,0,-0.125
1125,11-25-48,65,67.5625,-2.5625,0,0,0,-0.12812500000000002
1126,11-25-49,65,67.5625,-2.5625,0,0,0,-0.12812500000000002
1127,11-25-50,65,67.5625,-2.5625,0,0,0,-0.12812500000000002
1128,11-25-51,65,67.5625,-2.5625,0,0,0,-0.12812500000000002
1129,11-25-52,65,67.5,-2.5,0,0,0,-0.125
1130,11-25-53,65,67.5,-2.5,0,0,0,-0.125
1131,11-25-54,65,67.5,-2.5,0,0,0,-0.125
1132,11-25-55,65,67.4375,-2.4375,0,0,0,-0.12187500000000001
1133,11-25-56,65,67.4375,-2.4375,0,0,0,-0.12187500000000001
1134,11-25-57,65,67.4375,-2.4375,0,0,0,-0.12187500000000001
1135,11-25-58,65,67.375,-2.375,0,0,0,-0.11875000000000001
1136,11-25-59,65,67.375,-2.375,0,0,0,-0.11875000000000001
1137,11-26-00,65,67.3125,-2.3125,0,0,0,-0.115625
1138,11-26-01,65,67.375,-2.375,0,0,0,-0.11875000000000001
1139,11-26-02,65,67.3125,-2.3125,0,0,0,-0.115625
1140,11-26-03,65,67.3125,-2.3125,0,0,0,-0.115625
1141,11-26-04,65,67.3125,-2.3125,0,0,0,-0.115625
1142,11-26-05,65,67.3125,-2.3125,0,0,0,-0.115625
1143,11-26-06,65,67.3125,-2.3125,0,0,0,-0.115625
1144,11-26-07,65,67.3125,-2.3125,0,0,0,-0.115625
1145,11-26-08,65,67.3125,-2.3125,0,0,0,-0.115625
1146,11-26-09,65,67.3125,-2.3125,0,0,0,-0.115625
1147,11-26-10,65,67.3125,-2.3125,0,0,0,-0.115625
1148,11-26-11,65,67.3125,-2.3125,0,0,0,-0.115625
1149,11-26-12,65,67.375,-2.375,0,0,0,-0.11875000000000001
1150,11-26-13,65,67.375,-2.375,0,0,0,-0.11875000000000001
1151,11-26-14,65,67.375,-2.375,0,0,0,-0.11875000000000001
1152,11-26-15,65,67.4375,-2.4375,0,0,0,-0.12187500000000001
1153,11-26-16,65,67.4375,-2.4375,0,0,0,-0.12187500000000001
1154,11-26-17,65,67.375,-2.375,0,0,0,-0.11875000000000001
1155,11-26-18,65,67.4375,-2.4375,0,0,0,-0.12187500000000001
1156,11-26-19,65,67.4375,-2.4375,0,0,0,-0.12187500000000001
1157,11-26-20,65,67.5,-2.5,0,0,0,-0.125
1158,11-26-21,65,67.5,-2.5,0,0,0,-0.125
1159,11-26-22,65,67.5,-2.5,0,0,0,-0.125
1160,11-26-23,65,67.5,-2.5,0,0,0,-0.125
1161,11-26-24,65,67.5625,-2.5625,0,0,0,-0.12812500000000002
1162,11-26-25,65,67.5625,-2.5625,0,0,0,-0.12812500000000002
1163,11-26-26,65,67.5625,-2.5625,0,0,0,-0.12812500000000002
1164,11-26-27,65,67.5625,-2.5625,0,0,0,-0.12812500000000002
1165,11-26-28,65,67.625,-2.625,0,0,0,-0.13125
1166,11-26-29,65,67.625,-2.625,0,0,0,-0.13125
1167,11-26-30,65,67.625,-2.625,0,0,0,-0.13125
1168,11-26-31,65,67.625,-2.625,0,0,0,-0.13125
1169,11-26-32,65,67.625,-2.625,0,0,0,-0.13125
1170,11-26-33,65,67.625,-2.625,0,0,0,-0.13125
1171,11-26-34,65,67.625,-2.625,0,0,0,-0.13125
1172,11-26-35,65,67.625,-2.625,0,0,0,-0.13125
1173,11-26-36,65,67.625,-2.625,0,0,0,-0.13125
1174,11-26-37,65,67.625,-2.625,0,0,0,-0.13125
1175,11-26-38,65,67.625,-2.625,0,0,0,-0.13125
1176,11-26-39,65,67.625,-2.625,0,0,0,-0.13125
1177,11-26-40,65,67.625,-2.625,0,0,0,-0.13125
1178,11-26-41,65,67.5625,-2.5625,0,0,0,-0.12812500000000002
1179,11-26-42,65,67.5625,-2.5625,0,0,0,-0.12812500000000002
1180,11-26-43,65,67.5625,-2.5625,0,0,0,-0.12812500000000002
1181,11-26-44,65,67.5625,-2.5625,0,0,0,-0.12812500000000002
1182,11-26-45,65,67.5625,-2.5625,0,0,0,-0.12812500000000002
1183,11-26-46,65,67.5625,-2.5625,0,0,0,-0.12812500000000002
1184,11-26-47,65,67.5,-2.5,0,0,0,-0.125
1185,11-26-48,65,67.5,-2.5,0,0,0,-0.125
1186,11-26-49,65,67.5,-2.5,0,0,0,-0.125
1187,11-26-50,65,67.4375,-2.4375,0,0,0,-0.12187500000000001
1188,11-26-51,65,67.4375,-2.4375,0,0,0,-0.12187500000000001
1189,11-26-52,65,67.4375,-2.4375,0,0,0,-0.12187500000000001
1190,11-26-53,65,67.4375,-2.4375,0,0,0,-0.12187500000000001
1191,11-26-54,65,67.375,-2.375,0,0,0,-0.11875000000000001
1192,11-26-55,65,67.375,-2.375,0,0,0,-0.11875000000000001
1193,11-26-56,65,67.375,-2.375,0,0,0,-0.11875000000000001
1194,11-26-57,65,67.375,-2.375,0,0,0,-0.11875000000000001
1195,11-26-58,65,67.375,-2.375,0,0,0,-0.11875000000000001
1196,11-26-59,65,67.3125,-2.3125,0,0,0,-0.115625
1197,11-27-00,65,67.375,-2.375,0,0,0,-0.11875000000000001
1198,11-27-01,65,67.3125,-2.3125,0,0,0,-0.115625
1199,11-27-02,65,67.3125,-2.3125,0,0,0,-0.115625
1200,11-27-03,65,67.3125,-2.3125,0,0,0,-0.115625
1201,11-27-04,65,67.3125,-2.3125,0,0,0,-0.115625
1202,11-27-05,65,67.3125,-2.3125,0,0,0,-0.115625
1203,11-27-06,65,67.3125,-2.3125,0,0,0,-0.115625
1204,11-27-07,65,67.3125,-2.3125,0,0,0,-0.115625
1205,11-27-08,65,67.25,-2.25,0,0,0,-0.1125
1206,11-27-09,65,67.25,-2.25,0,0,0,-0.1125
1207,11-27-10,65,67.25,-2.25,0,0,0,-0.1125
1208,11-27-11,65,67.25,-2.25,0,0,0,-0.1125
1209,11-27-12,65,67.25,-2.25,0,0,0,-0.1125
1210,11-27-13,65,67.1875,-2.1875,0,0,0,-0.109375
1211,11-27-14,65,67.1875,-2.1875,0,0,0,-0.109375
1212,11-27-15,65,67.1875,-2.1875,0,0,0,-0.109375
1213,11-27-16,65,67.125,-2.125,0,0,0,-0.10625000000000001
1214,11-27-17,65,67.125,-2.125,0,0,0,-0.10625000000000001
1215,11-27-18,65,67.1875,-2.1875,0,0,0,-0.109375
1216,11-27-19,65,67.125,-2.125,0,0,0,-0.10625000000000001
1217,11-27-20,65,67.1875,-2.1875,0,0,0,-0.109375
1218,11-27-21,65,67.1875,-2.1875,0,0,0,-0.109375
1219,11-27-22,65,67.1875,-2.1875,0,0,0,-0.109375
1220,11-27-23,65,67.1875,-2.1875,0,0,0,-0.109375
1221,11-27-24,65,67.1875,-2.1875,0,0,0,-0.109375
1222,11-27-25,65,67.1875,-2.1875,0,0,0,-0.109375
1223,11-27-26,65,67.1875,-2.1875,0,0,0,-0.109375
1224,11-27-27,65,67.1875,-2.1875,0,0,0,-0.109375
1225,11-27-28,65,67.25,-2.25,0,0,0,-0.1125
1226,11-27-29,65,67.1875,-2.1875,0,0,0,-0.109375
1227,11-27-30,65,67.1875,-2.1875,0,0,0,-0.109375
1228,11-27-31,65,67.1875,-2.1875,0,0,0,-0.109375
1229,11-27-32,65,67.1875,-2.1875,0,0,0,-0.109375
1230,11-27-33,65,67.1875,-2.1875,0,0,0,-0.109375
1231,11-27-34,65,67.1875,-2.1875,0,0,0,-0.109375
1232,11-27-35,65,67.1875,-2.1875,0,0,0,-0.109375
1233,11-27-36,65,67.125,-2.125,0,0,0,-0.10625000000000001
1234,11-27-37,65,67.125,-2.125,0,0,0,-0.10625000000000001
1235,11-27-38,65,67.125,-2.125,0,0,0,-0.10625000000000001
1236,11-27-39,65,67.125,-2.125,0,0,0,-0.10625000000000001
1237,11-27-40,65,67.0625,-2.0625,0,0,0,-0.10312500000000001
1238,11-27-41,65,67.0625,-2.0625,0,0,0,-0.10312500000000001
1239,11-27-42,65,67.0625,-2.0625,0,0,0,-0.10312500000000001
1240,11-27-43,65,67.0,-2.0,0,0,0,-0.1
1241,11-27-44,65,67.0,-2.0,0,0,0,-0.1
1242,11-27-45,65,67.0,-2.0,0,0,0,-0.1
1243,11-27-46,65,67.0,-2.0,0,0,0,-0.1
1244,11-27-47,65,67.0,-2.0,0,0,0,-0.1
1245,11-27-48,65,66.9375,-1.9375,0,0,0,-0.096875
1246,11-27-49,65,66.9375,-1.9375,0,0,0,-0.096875
1247,11-27-50,65,66.9375,-1.9375,0,0,0,-0.096875
1248,11-27-51,65,66.9375,-1.9375,0,0,0,-0.096875
1249,11-27-52,65,66.9375,-1.9375,0,0,0,-0.096875
1250,11-27-53,65,66.9375,-1.9375,0,0,0,-0.096875
1251,11-27-54,65,66.9375,-1.9375,0,0,0,-0.096875
1252,11-27-55,65,66.9375,-1.9375,0,0,0,-0.096875
1253,11-27-56,65,66.9375,-1.9375,0,0,0,-0.096875
1254,11-27-57,65,66.9375,-1.9375,0,0,0,-0.096875
1255,11-27-58,65,66.9375,-1.9375,0,0,0,-0.096875
1256,11-27-59,65,66.875,-1.875,0,0,0,-0.09375
1257,11-28-00,65,66.875,-1.875,0,0,0,-0.09375
1258,11-28-01,65,66.875,-1.875,0,0,0,-0.09375
1259,11-28-02,65,66.875,-1.875,0,0,0,-0.09375
1260,11-28-03,65,66.875,-1.875,0,0,0,-0.09375
1261,11-28-04,65,66.875,-1.875,0,0,0,-0.09375
1262,11-28-05,65,66.8125,-1.8125,0,0,0,-0.09062500000000001
1263,11-28-06,65,66.8125,-1.8125,0,0,0,-0.09062500000000001
1264,11-28-07,65,66.8125,-1.8125,0,0,0,-0.09062500000000001
1265,11-28-08,65,66.8125,-1.8125,0,0,0,-0.09062500000000001
1266,11-28-09,65,66.8125,-1.8125,0,0,0,-0.09062500000000001
1267,11-28-10,65,66.8125,-1.8125,0,0,0,-0.09062500000000001
1268,11-28-11,65,66.8125,-1.8125,0,0,0,-0.09062500000000001
1269,11-28-12,65,66.8125,-1.8125,0,0,0,-0.09062500000000001
1270,11-28-13,65,66.75,-1.75,0,0,0,-0.08750000000000001
1271,11-28-14,65,66.8125,-1.8125,0,0,0,-0.09062500000000001
1272,11-28-15,65,66.75,-1.75,0,0,0,-0.08750000000000001
1273,11-28-16,65,66.75,-1.75,0,0,0,-0.08750000000000001
1274,11-28-17,65,66.75,-1.75,0,0,0,-0.08750000000000001
1275,11-28-18,65,66.75,-1.75,0,0,0,-0.08750000000000001
1276,11-28-19,65,66.75,-1.75,0,0,0,-0.08750000000000001
1277,11-28-20,65,66.75,-1.75,0,0,0,-0.08750000000000001
1278,11-28-21,65,66.75,-1.75,0,0,0,-0.08750000000000001
1279,11-28-22,65,66.6875,-1.6875,0,0,0,-0.084375
1280,11-28-23,65,66.75,-1.75,0,0,0,-0.08750000000000001
1281,11-28-24,65,66.75,-1.75,0,0,0,-0.08750000000000001
1282,11-28-25,65,66.6875,-1.6875,0,0,0,-0.084375
1283,11-28-26,65,66.6875,-1.6875,0,0,0,-0.084375
1284,11-28-27,65,66.6875,-1.6875,0,0,0,-0.084375
1285,11-28-28,65,66.6875,-1.6875,0,0,0,-0.084375
1286,11-28-29,65,66.6875,-1.6875,0,0,0,-0.084375
1287,11-28-30,65,66.6875,-1.6875,0,0,0,-0.084375
1288,11-28-31,65,66.6875,-1.6875,0,0,0,-0.084375
1289,11-28-32,65,66.625,-1.625,0,0,0,-0.08125
1290,11-28-33,65,66.625,-1.625,0,0,0,-0.08125
1291,11-28-34,65,66.625,-1.625,0,0,0,-0.08125
1292,11-28-35,65,66.625,-1.625,0,0,0,-0.08125
1293,11-28-36,65,66.625,-1.625,0,0,0,-0.08125
1294,11-28-37,65,66.625,-1.625,0,0,0,-0.08125
1295,11-28-38,65,66.625,-1.625,0,0,0,-0.08125
1296,11-28-39,65,66.5625,-1.5625,0,0,0,-0.078125
1297,11-28-40,65,66.5625,-1.5625,0,0,0,-0.078125
1298,11-28-41,65,66.5625,-1.5625,0,0,0,-0.078125
1299,11-28-42,65,66.5625,-1.5625,0,0,0,-0.078125
1300,11-28-43,65,66.5625,-1.5625,0,0,0,-0.078125
1301,11-28-44,65,66.5625,-1.5625,0,0,0,-0.078125
1302,11-28-45,65,66.5625,-1.5625,0,0,0,-0.078125
1303,11-28-46,65,66.5625,-1.5625,0,0,0,-0.078125
1304,11-28-47,65,66.5625,-1.5625,0,0,0,-0.078125
1305,11-28-48,65,66.5,-1.5,0,0,0,-0.07500000000000001
1306,11-28-49,65,66.5,-1.5,0,0,0,-0.07500000000000001
1307,11-28-50,65,66.5,-1.5,0,0,0,-0.07500000000000001
1308,11-28-51,65,66.5,-1.5,0,0,0,-0.07500000000000001
1309,11-28-52,65,66.4375,-1.4375,0,0,0,-0.07187500000000001
1310,11-28-53,65,66.4375,-1.4375,0,0,0,-0.07187500000000001
1311,11-28-54,65,66.4375,-1.4375,0,0,0,-0.07187500000000001
1312,11-28-55,65,66.375,-1.375,0,0,0,-0.06875
1313,11-28-56,65,66.4375,-1.4375,0,0,0,-0.07187500000000001
1314,11-28-57,65,66.4375,-1.4375,0,0,0,-0.07187500000000001
1315,11-28-58,65,66.375,-1.375,0,0,0,-0.06875
1316,11-28-59,65,66.375,-1.375,0,0,0,-0.06875
1317,11-29-00,65,66.375,-1.375,0,0,0,-0.06875
1318,11-29-01,65,66.375,-1.375,0,0,0,-0.06875
1319,11-29-02,65,66.3125,-1.3125,0,0,0,-0.065625
1320,11-29-03,65,66.3125,-1.3125,0,0,0,-0.065625
1321,11-29-04,65,66.3125,-1.3125,0,0,0,-0.065625
1322,11-29-05,65,66.3125,-1.3125,0,0,0,-0.065625
1323,11-29-06,65,66.3125,-1.3125,0,0,0,-0.065625
1324,11-29-07,65,66.25,-1.25,0,0,0,-0.0625
1325,11-29-08,65,66.25,-1.25,0,0,0,-0.0625
1326,11-29-09,65,66.25,-1.25,0,0,0,-0.0625
1327,11-29-10,65,66.25,-1.25,0,0,0,-0.0625
1328,11-29-11,65,66.25,-1.25,0,0,0,-0.0625
1329,11-29-12,65,66.25,-1.25,0,0,0,-0.0625
1330,11-29-13,65,66.1875,-1.1875,0,0,0,-0.059375000000000004
1331,11-29-14,65,66.1875,-1.1875,0,0,0,-0.059375000000000004
1332,11-29-15,65,66.1875,-1.1875,0,0,0,-0.059375000000000004
1333,11-29-16,65,66.125,-1.125,0,0,0,-0.05625
1334,11-29-17,65,66.125,-1.125,0,0,0,-0.05625
1335,11-29-18,65,66.125,-1.125,0,0,0,-0.05625
1336,11-29-19,65,66.125,-1.125,0,0,0,-0.05625
1337,11-29-20,65,66.0625,-1.0625,0,0,0,-0.053125000000000006
1338,11-29-21,65,66.0625,-1.0625,0,0,0,-0.053125000000000006
1339,11-29-22,65,66.0625,-1.0625,0,0,0,-0.053125000000000006
1340,11-29-23,65,66.0625,-1.0625,0,0,0,-0.053125000000000006
1341,11-29-24,65,66.0625,-1.0625,0,0,0,-0.053125000000000006
1342,11-29-25,65,66.0625,-1.0625,0,0,0,-0.053125000000000006
1343,11-29-26,65,66.0,-1.0,0,0,0,-0.05
1344,11-29-27,65,66.0,-1.0,0,0,0,-0.05
1345,11-29-28,65,66.0,-1.0,0,0,0,-0.05
1346,11-29-29,65,66.0,-1.0,0,0,0,-0.05
1347,11-29-30,65,65.9375,-0.9375,0,0,0,-0.046875
1348,11-29-31,65,65.9375,-0.9375,0,0,0,-0.046875
1349,11-29-32,65,65.9375,-0.9375,0,0,0,-0.046875
1350,11-29-33,65,65.9375,-0.9375,0,0,0,-0.046875
1351,11-29-34,65,65.9375,-0.9375,0,0,0,-0.046875
1352,11-29-35,65,65.9375,-0.9375,0,0,0,-0.046875
1353,11-29-36,65,65.875,-0.875,0,0,0,-0.043750000000000004
1354,11-29-37,65,65.9375,-0.9375,0,0,0,-0.046875
1355,11-29-38,65,65.875,-0.875,0,0,0,-0.043750000000000004
1356,11-29-39,65,65.875,-0.875,0,0,0,-0.043750000000000004
1357,11-29-40,65,65.875,-0.875,0,0,0,-0.043750000000000004
1358,11-29-41,65,65.875,-0.875,0,0,0,-0.043750000000000004
1359,11-29-42,65,65.8125,-0.8125,0,0,0,-0.040625
1360,11-29-43,65,65.8125,-0.8125,0,0,0,-0.040625
1361,11-29-44,65,65.8125,-0.8125,0,0,0,-0.040625
1362,11-29-45,65,65.75,-0.75,0,0,0,-0.037500000000000006
1363,11-29-46,65,65.75,-0.75,0,0,0,-0.037500000000000006
1364,11-29-47,65,65.75,-0.75,0,0,0,-0.037500000000000006
1365,11-29-48,65,65.75,-0.75,0,0,0,-0.037500000000000006
1366,11-29-49,65,65.6875,-0.6875,0,0,0,-0.034375
1367,11-29-50,65,65.6875,-0.6875,0,0,0,-0.034375
1368,11-29-51,65,65.6875,-0.6875,0,0,0,-0.034375
1369,11-29-52,65,65.6875,-0.6875,0,0,0,-0.034375
1370,11-29-53,65,65.75,-0.75,0,0,0,-0.037500000000000006
1371,11-29-54,65,65.6875,-0.6875,0,0,0,-0.034375
1372,11-29-55,65,65.6875,-0.6875,0,0,0,-0.034375
1373,11-29-56,65,65.6875,-0.6875,0,0,0,-0.034375
1374,11-29-57,65,65.6875,-0.6875,0,0,0,-0.034375
1375,11-29-58,65,65.75,-0.75,0,0,0,-0.037500000000000006
1376,11-29-59,65,65.6875,-0.6875,0,0,0,-0.034375
1377,11-30-00,65,65.6875,-0.6875,0,0,0,-0.034375
1378,11-30-01,65,65.6875,-0.6875,0,0,0,-0.034375
1379,11-30-02,65,65.6875,-0.6875,0,0,0,-0.034375
1380,11-30-03,65,65.6875,-0.6875,0,0,0,-0.034375
1381,11-30-04,65,65.6875,-0.6875,0,0,0,-0.034375
1382,11-30-05,65,65.6875,-0.6875,0,0,0,-0.034375
1383,11-30-06,65,65.625,-0.625,0,0,0,-0.03125
1384,11-30-07,65,65.625,-0.625,0,0,0,-0.03125
1385,11-30-08,65,65.625,-0.625,0,0,0,-0.03125
1386,11-30-09,65,65.625,-0.625,0,0,0,-0.03125
1387,11-30-10,65,65.625,-0.625,0,0,0,-0.03125
1388,11-30-11,65,65.625,-0.625,0,0,0,-0.03125
1389,11-30-12,65,65.625,-0.625,0,0,0,-0.03125
1390,11-30-13,65,65.5625,-0.5625,0,0,0,-0.028125
1391,11-30-14,65,65.5625,-0.5625,0,0,0,-0.028125
1392,11-30-15,65,65.5625,-0.5625,0,0,0,-0.028125
1393,11-30-16,65,65.5,-0.5,0,0,0,-0.025
1394,11-30-17,65,65.5,-0.5,0,0,0,-0.025
1395,11-30-18,65,65.4375,-0.4375,0,0,0,-0.021875000000000002
1396,11-30-19,65,65.4375,-0.4375,0,0,0,-0.021875000000000002
1397,11-30-20,65,65.4375,-0.4375,0,0,0,-0.021875000000000002
1398,11-30-21,65,65.4375,-0.4375,0,0,0,-0.021875000000000002
1399,11-30-22,65,65.375,-0.375,0,0,0,-0.018750000000000003
1400,11-30-23,65,65.375,-0.375,0,0,0,-0.018750000000000003
1401,11-30-24,65,65.375,-0.375,0,0,0,-0.018750000000000003
1402,11-30-25,65,65.3125,-0.3125,0,0,0,-0.015625
1403,11-30-26,65,65.3125,-0.3125,0,0,0,-0.015625
1404,11-30-27,65,65.3125,-0.3125,0,0,0,-0.015625
1405,11-30-28,65,65.3125,-0.3125,0,0,0,-0.015625
1406,11-30-29,65,65.3125,-0.3125,0,0,0,-0.015625
1407,11-30-30,65,65.25,-0.25,0,0,0,-0.0125
1408,11-30-31,65,65.25,-0.25,0,0,0,-0.0125
1409,11-30-32,65,65.25,-0.25,0,0,0,-0.0125
1410,11-30-33,65,65.25,-0.25,0,0,0,-0.0125
1411,11-30-34,65,65.25,-0.25,0,0,0,-0.0125
1412,11-30-35,65,65.1875,-0.1875,0,0,0,-0.009375000000000001
1413,11-30-36,65,65.1875,-0.1875,0,0,0,-0.009375000000000001
1414,11-30-37,65,65.1875,-0.1875,0,0,0,-0.009375000000000001
1415,11-30-38,65,65.1875,-0.1875,0,0,0,-0.009375000000000001
1416,11-30-39,65,65.125,-0.125,0,0,0,-0.00625
1417,11-30-40,65,65.125,-0.125,0,0,0,-0.00625
1418,11-30-41,65,65.0625,-0.0625,0,0,0,-0.003125
1419,11-30-42,65,65.125,-0.125,0,0,0,-0.00625
1420,11-30-43,65,65.0625,-0.0625,0,0,0,-0.003125
1421,11-30-44,65,65.0625,-0.0625,0,0,0,-0.003125
1422,11-30-45,65,65.0,0.0,0.0,0,0,0.0
1423,11-30-46,65,65.0,0.0,0.0,0,0,0.0
1424,11-30-47,65,65.0,0.0,0.0,0,0,0.0
1425,11-30-48,65,64.9375,0.0625,0.0625,0,0.2,0.190625
1426,11-30-49,65,64.9375,0.0625,0.125,0,0.4,0.378125
1427,11-30-50,65,64.9375,0.0625,0.1875,0,0.6,0.565625
1428,11-30-51,65,64.9375,0.0625,0.25,0,0.8,0.753125
1429,11-30-52,65,64.875,0.125,0.375,0,1,1.13125
1430,11-30-53,65,64.875,0.125,0.5,0,1,1.50625
1431,11-30-54,65,64.8125,0.1875,0.6875,0,1,2.071875
1432,11-30-55,65,64.8125,0.1875,0.875,0,1,2.634375
1433,11-30-56,65,64.875,0.125,1.0,0,1,3.00625
1434,11-30-57,65,64.875,0.125,1,0,1,3.00625
1435,11-30-58,65,64.8125,0.1875,1,0,1,3.009375
1436,11-30-59,65,64.8125,0.1875,1,0,1,3.009375
1437,11-31-00,65,64.875,0.125,1,0,1,3.00625
1438,11-31-01,65,64.8125,0.1875,1,0,1,3.009375
1439,11-31-02,65,64.8125,0.1875,1,0,1,3.009375
1440,11-31-03,65,64.8125,0.1875,1,0,1,3.009375
1441,11-31-04,65,64.8125,0.1875,1,0,1,3.009375
1442,11-31-05,65,64.8125,0.1875,1,0,1,3.009375
1443,11-31-06,65,64.8125,0.1875,1,0,1,3.009375
1444,11-31-07,65,64.75,0.25,1,0,1,3.0125
1445,11-31-08,65,64.75,0.25,1,0,1,3.0125
1446,11-31-09,65,64.75,0.25,1,0,1,3.0125
1447,11-31-10,65,64.75,0.25,1,0,1,3.0125
1448,11-31-11,65,64.6875,0.3125,1,0,1,3.015625
1449,11-31-12,65,64.75,0.25,1,0,1,3.0125
1450,11-31-13,65,64.6875,0.3125,1,0,1,3.015625
